eventID,trackID,parentID,particle,step,x,y,z
0,1,0,gamma,0,9.0389161,12.856585,16.931662
0,1,0,gamma,1,6.8618447,14.545705,12.8
0,1,0,gamma,2,6.2763128,15,11.688773
0,1,0,gamma,3,2.4356837,17.979821,4.4
0,1,0,gamma,4,0.11721843,19.778644,0
0,1,0,gamma,5,-1.9904773,21.413937,-4
0,1,0,gamma,6,-26.228978,40.219812,-50
0,1,0,gamma,7,-263.40788,224.23931,-500.11982
1,1,0,gamma,0,0.038975629,19.90235,10.876617
1,1,0,gamma,1,2.3980363,22.173919,12.8
1,1,0,gamma,2,2.4229934,22.19795,12.820348
1,1,0,gamma,3,0,28.94821,18.409788
1,1,0,gamma,4,-0.37753802,30,19.280705
1,1,0,gamma,5,-1.2095427,32.317896,21.2
1,1,0,gamma,6,-4.8508996,42.462416,29.6
1,1,0,gamma,7,-5.7617606,45,31.701204
1,1,0,gamma,8,-7.5565014,50,35.84137
1,1,0,gamma,9,-8.4922564,52.606936,38
1,1,0,gamma,10,-10,56.807386,41.478112
1,1,0,gamma,11,-169.12619,500.11982,408.55555
1,2,1,e-,0,2.4229934,22.19795,12.820348
1,2,1,e-,1,4.0277397,24.388081,13.770997
1,2,1,e-,2,2.9756367,26.073076,15.693909
1,2,1,e-,3,1.5299027,27.594726,15.461995
1,2,1,e-,4,2.0843508,28.817105,14.845133
1,2,1,e-,5,2.203788,29.177994,14.782409
1,2,1,e-,6,2.1891564,29.149917,14.79565
1,3,2,gamma,0,4.0277397,24.388081,13.770997
1,3,2,gamma,1,2.7782739,30,17.999885
1,3,2,gamma,2,2.1873205,32.65424,20
1,3,2,gamma,3,1.832769,34.246693,21.2
1,3,2,gamma,4,-0.56140137,45,29.303206
1,3,2,gamma,5,-0.64909211,45.393859,29.6
1,3,2,gamma,6,-1.6746265,50,33.070979
1,3,2,gamma,7,-3.1309532,56.541025,38
1,3,2,gamma,8,-3.9010767,60,40.606527
1,3,2,gamma,9,-5.6128142,67.688192,46.4
1,3,2,gamma,10,-7.240752,75,51.909848
1,3,2,gamma,11,-8.0946753,78.835358,54.8
1,3,2,gamma,12,-10,87.393037,61.24868
1,3,2,gamma,13,-101.89156,500.11982,372.2609
2,1,0,gamma,0,19.193594,23.307257,7.8692979
2,1,0,gamma,1,10,21.775795,6.1712173
2,1,0,gamma,2,0.41043651,20.178374,4.4
2,1,0,gamma,3,0,20.110003,4.3241913
2,1,0,gamma,4,-10,18.444212,2.4771653
2,1,0,gamma,5,-50,11.781044,-4.9109387
2,1,0,gamma,6,-500.11982,-63.199547,-88.049239
3,1,0,gamma,0,16.882432,16.315045,3.7507416
3,1,0,gamma,1,16.068643,16.536527,4.4
3,1,0,gamma,2,10,18.188181,9.2416892
3,1,0,gamma,3,5.5399624,19.402034,12.8
3,1,0,gamma,4,0,20.909802,17.219897
3,1,0,gamma,5,-4.9887177,22.267542,21.2
3,1,0,gamma,6,-10,23.631422,25.198105
3,1,0,gamma,7,-41.087049,32.092138,50
3,1,0,gamma,8,-500.11982,157.02344,416.22589
4,1,0,gamma,0,1.1872282,16.77391,6.5463941
4,1,0,gamma,1,4.3925138,22.151288,12.402922
4,1,0,gamma,2,4.4809607,22.432617,12.8
4,1,0,gamma,3,6.0847191,27.53379,20
4,1,0,gamma,4,6.3520121,28.383986,21.2
4,1,0,gamma,5,6.8600709,30,23.480907
4,1,0,gamma,6,8.2230636,34.335355,29.6
4,1,0,gamma,7,10,39.987367,37.577475
4,1,0,gamma,8,10.094115,40.286724,38
4,1,0,gamma,9,11.575922,45,44.652506
4,1,0,gamma,10,11.965166,46.238093,46.4
4,1,0,gamma,11,12.767046,48.78868,50
4,1,0,gamma,12,13.836218,52.189462,54.8
4,1,0,gamma,13,15,55.891176,60.024747
4,1,0,gamma,14,15.707269,58.140831,63.2
4,1,0,gamma,15,16.291774,60,65.824106
4,1,0,gamma,16,17.578321,64.0922,71.6
4,1,0,gamma,17,19.449372,70.043569,80
4,1,0,gamma,18,113.02863,367.69691,500.11982
4,2,1,e-,0,4.3925138,22.151288,12.402922
4,2,1,e-,1,4.9484732,22.734666,12.8
4,2,1,e-,2,6.5357859,24.186002,13.431493
4,2,1,e-,3,6.9016518,26.151183,14.005427
4,2,1,e-,4,7.1227497,28.088508,13.770501
4,2,1,e-,5,7.4796751,29.142142,14.708991
4,2,1,e-,6,7.4299434,28.938102,15.109118
4,2,1,e-,7,7.4479895,28.9616,15.122585
5,1,0,gamma,0,3.3300129,20.91986,17.393587
5,1,0,gamma,1,10,21.553141,13.561723
5,1,0,gamma,2,11.325903,21.679029,12.8
5,1,0,gamma,3,25.947478,23.067272,4.4
5,1,0,gamma,4,30,23.452038,2.0718526
5,1,0,gamma,5,33.606399,23.794447,4.4408921e-16
5,1,0,gamma,6,40.569053,24.455516,-4
5,1,0,gamma,7,50,25.350936,-9.4180176
5,1,0,gamma,8,500.11982,68.087505,-268.00893
6,1,0,gamma,0,9.5358162,13.118724,2.7589662
6,1,0,gamma,1,9.1102584,15,4.1579243
6,1,0,gamma,2,9.0366199,15.325536,4.4
6,1,0,gamma,3,8.5142398,17.634838,6.1172471
6,3,1,e+,0,8.5142398,17.634838,6.1172471
6,3,1,e+,1,8.5082103,17.671951,6.1414734
6,3,1,e+,2,8.4282575,19.146294,8.0308016
6,3,1,e+,3,9.4299435,20.285495,9.2935568
6,3,1,e+,4,10,20.956114,10.0696
6,3,1,e+,5,10.118254,20.954976,10.391808
6,3,1,e+,6,10.254647,20.988364,10.645556
6,3,1,e+,7,10.253756,21.048519,10.944095
6,3,1,e+,8,10.307224,21.276543,11.106332
6,3,1,e+,9,10.334744,21.495183,11.365684
6,3,1,e+,10,10.31865,21.679674,11.629344
6,3,1,e+,11,10.484596,21.796181,11.857232
6,3,1,e+,12,10.625712,21.875722,12.131375
6,3,1,e+,13,10.571791,21.740176,12.484761
6,3,1,e+,14,10.383275,21.547367,12.621032
6,3,1,e+,15,10.26161,21.34462,12.539548
6,3,1,e+,16,10.503996,21.534279,12.495262
6,3,1,e+,17,10.502374,21.550418,12.503273
6,3,1,e+,18,10.502374,21.550418,12.503273
6,6,3,gamma,0,10.502374,21.550418,12.503273
6,6,3,gamma,1,10.738306,21.543549,12.8
6,6,3,gamma,2,16.463126,21.376877,20
6,6,3,gamma,3,17.417263,21.349098,21.2
6,6,3,gamma,4,24.096219,21.154646,29.6
6,6,3,gamma,5,30,20.982764,37.025076
6,6,3,gamma,6,30.775175,20.960195,38
6,6,3,gamma,7,37.454132,20.765744,46.4
6,6,3,gamma,8,40.316542,20.682407,50
6,6,3,gamma,9,44.133088,20.571292,54.8
6,6,3,gamma,10,50,20.400483,62.178707
6,6,3,gamma,11,50.812044,20.376841,63.2
6,6,3,gamma,12,57.491001,20.182389,71.6
6,6,3,gamma,13,64.169957,19.987938,80
6,6,3,gamma,14,398.21304,10.262592,500.11982
6,5,3,gamma,0,10.502374,21.550418,12.503273
6,5,3,gamma,1,10,21.565044,11.871446
6,5,3,gamma,2,4.05935,21.738001,4.4
6,5,3,gamma,3,0.56084909,21.839856,0
6,5,3,gamma,4,-2.6196063,21.932452,-4
6,5,3,gamma,5,-39.194843,22.997305,-50
6,5,3,gamma,6,-397.09134,33.417121,-500.11982
6,4,3,gamma,0,8.5082103,17.671951,6.1414734
6,4,3,gamma,1,7.9918313,28.088565,12.8
6,4,3,gamma,2,7.8970764,30,14.021831
6,4,3,gamma,3,7.7566931,32.831872,15.832025
6,4,3,gamma,4,3.9815292,41.839286,12.940931
6,4,3,gamma,5,4.086606,41.685133,12.8
6,4,3,gamma,6,4.8551708,40.55761,11.769189
6,4,3,gamma,7,5.2251266,39.930703,12.8
6,4,3,gamma,8,7.80919,35.551891,20
6,4,3,gamma,9,8.2398672,34.822089,21.2
6,4,3,gamma,10,10,31.839464,26.104275
6,4,3,gamma,11,11.085521,30,29.128872
6,4,3,gamma,12,11.254608,29.713475,29.6
6,4,3,gamma,13,14.036165,25,37.350279
6,4,3,gamma,14,14.269348,24.60486,38
6,4,3,gamma,15,17.284089,19.496246,46.4
6,4,3,gamma,16,18.576121,17.30684,50
6,4,3,gamma,17,19.937454,15,53.793094
6,4,3,gamma,18,20.29883,14.387632,54.8
6,4,3,gamma,19,23.31357,9.2790175,63.2
6,4,3,gamma,20,26.328311,4.1704032,71.6
6,4,3,gamma,21,28.789386,0,78.457317
6,4,3,gamma,22,180.12308,-256.4418,500.11982
6,9,4,e-,0,4.8551708,40.55761,11.769189
6,9,4,e-,1,4.8551878,40.557591,11.769065
6,8,4,e-,0,3.9815292,41.839286,12.940931
6,8,4,e-,1,3.9813352,41.839659,12.940988
6,7,4,e-,0,7.7566931,32.831872,15.832025
6,7,4,e-,1,7.7567141,32.831872,15.83208
6,2,1,e-,0,8.5142398,17.634838,6.1172471
6,2,1,e-,1,8.3058877,18.629093,6.7395655
6,2,1,e-,2,7.1159477,25.427365,8.8184803
6,2,1,e-,3,7.2874119,30,5.5974166
6,2,1,e-,4,7.0617222,30.391813,5.3749532
6,2,1,e-,5,6.0222393,31.67214,4.4
6,2,1,e-,6,6.3060011,35.059988,2.9689286
6,2,1,e-,7,6.5254484,37.742692,2.0141299
6,2,1,e-,8,6.4927037,38.836001,2.3892052
6,2,1,e-,9,5.7097698,40.624353,2.0017793
6,2,1,e-,10,5.4485285,41.426653,2.1623582
6,2,1,e-,11,5.232608,41.548313,2.1137506
6,11,2,e-,0,7.0617222,30.391813,5.3749532
6,11,2,e-,1,7.0324944,30.599058,5.2678519
6,11,2,e-,2,7.0218186,30.824798,5.1571449
6,10,2,gamma,0,8.3058877,18.629093,6.7395655
6,10,2,gamma,1,7.3379468,29.389897,12.8
6,10,2,gamma,2,7.2830676,30,13.143607
6,10,2,gamma,3,6.6181608,37.39191,17.306696
6,12,10,e-,0,6.6181608,37.39191,17.306696
6,12,10,e-,1,6.6183071,37.392988,17.305474
6,12,10,e-,2,6.6237837,37.403306,17.295475
7,1,0,gamma,0,8.0429775,29.126012,6.4102961
7,1,0,gamma,1,9.6171814,27.746696,12.8
7,1,0,gamma,2,10,27.41127,14.353863
7,1,0,gamma,3,11.391014,26.192465,20
7,1,0,gamma,4,11.686653,25.933427,21.2
7,1,0,gamma,5,12.751967,25,25.524114
7,1,0,gamma,6,13.756125,24.120157,29.6
7,1,0,gamma,7,15.825597,22.306888,38
7,1,0,gamma,8,17.895069,20.493619,46.4
7,1,0,gamma,9,18.781985,19.716504,50
7,1,0,gamma,10,19.964541,18.68035,54.8
7,1,0,gamma,11,22.034012,16.867081,63.2
7,1,0,gamma,12,24.103484,15.053811,71.6
7,1,0,gamma,13,24.164899,15,71.849282
7,1,0,gamma,14,26.172956,13.240542,80
7,1,0,gamma,15,129.67607,-77.448782,500.11982
8,1,0,gamma,0,1.4095756,24.570484,12.305491
8,1,0,gamma,1,1.7679273,24.233954,12.8
8,1,0,gamma,2,6.9854861,19.334127,20
8,1,0,gamma,3,7.8550793,18.517489,21.2
8,1,0,gamma,4,10,16.503186,24.159896
8,1,0,gamma,5,11.600661,15,26.368736
8,1,0,gamma,6,13.942231,12.801023,29.6
8,1,0,gamma,7,20.029383,7.084557,38
8,1,0,gamma,8,26.116535,1.3680912,46.4
8,1,0,gamma,9,27.573341,0,48.410327
8,1,0,gamma,10,28.725315,-1.0818227,50
8,1,0,gamma,11,354.90957,-307.4026,500.11982
9,1,0,gamma,0,2.3459223,18.762386,16.315331
9,1,0,gamma,1,3.7429624,15,13.120908
9,1,0,gamma,2,3.8833076,14.622035,12.8
9,1,0,gamma,3,7.5569408,4.7285294,4.4
9,1,0,gamma,4,9.3127273,0,0.38528081
9,1,0,gamma,5,27.87861,-50,-42.06681
9,1,0,gamma,6,195.01604,-500.11982,-424.23736
10,1,0,gamma,0,12.744539,27.181814,16.394455
10,1,0,gamma,1,11.87462,24.387642,12.8
10,1,0,gamma,2,10,18.366384,5.0541848
10,1,0,gamma,3,9.8416761,17.857849,4.4
10,1,0,gamma,4,8.9519317,15,0.72362964
10,1,0,gamma,5,8.7768009,14.437482,0
10,1,0,gamma,6,7.8087326,11.328057,-4
10,1,0,gamma,7,-3.3240533,-24.43033,-50
10,1,0,gamma,8,-112.26074,-374.33378,-500.11982
11,1,0,gamma,0,6.4918306,29.357762,9.6463919
11,1,0,gamma,1,4.89696,16.216938,12.8
11,1,0,gamma,2,4.7492632,15,13.092047
11,1,0,gamma,3,2.9287488,0,16.691831
11,1,0,gamma,4,-3.1396324,-50,28.691109
11,1,0,gamma,5,-57.769605,-500.11982,136.71336
12,1,0,gamma,0,3.5340632,27.591598,10.747866
12,1,0,gamma,1,6.9571135,26.637259,4.4
12,1,0,gamma,2,9.329788,25.975763,0
12,1,0,gamma,3,10,25.788909,-1.2428728
12,1,0,gamma,4,11.486765,25.374403,-4
12,1,0,gamma,5,36.291999,18.45876,-50
12,1,0,gamma,6,279.01651,-49.212276,-500.11982
13,1,0,gamma,0,8.3142743,12.803778,3.2640721
13,1,0,gamma,1,7.8836911,15,1.7383433
13,1,0,gamma,2,7.3931049,17.502271,0
13,1,0,gamma,3,6.2642459,23.2601,-4
13,1,0,gamma,4,1.0217186,50,-22.576375
13,1,0,gamma,5,-87.227132,500.11982,-335.27742
14,1,0,gamma,0,8.5607135,18.700429,0.18982312
14,1,0,gamma,1,10,20.279236,0.64330802
14,1,0,gamma,2,18.861732,30,3.4354289
14,1,0,gamma,3,21.923122,33.358152,4.4
14,1,0,gamma,4,30,42.21798,6.9448318
14,1,0,gamma,5,32.536171,45,7.7439189
14,1,0,gamma,6,37.094317,50,9.1800823
14,1,0,gamma,7,44.782506,58.43346,11.602447
14,1,0,gamma,8,45.133316,58.818277,11.712979
14,1,0,gamma,9,46.210609,60,12.052409
14,1,0,gamma,10,48.583341,62.602737,12.8
14,1,0,gamma,11,50,64.156723,13.246356
14,1,0,gamma,12,50.478606,64.681724,13.397153
14,1,0,gamma,13,50.860142,65.100246,13.517366
14,1,0,gamma,14,59.885048,75,16.360899
14,1,0,gamma,15,70,86.095467,19.547879
14,1,0,gamma,16,71.434956,87.669524,20
14,1,0,gamma,17,73.559486,90,20.669389
14,1,0,gamma,18,75.243559,91.847322,21.2
14,1,0,gamma,19,87.233925,105,24.977879
14,1,0,gamma,20,90,108.03421,25.849403
14,1,0,gamma,21,100.90836,120,29.286369
14,1,0,gamma,22,101.90378,121.09191,29.6
14,1,0,gamma,23,110,129.97295,32.150927
14,1,0,gamma,24,114.5828,135,33.594859
14,1,0,gamma,25,128.25724,150,37.903349
14,1,0,gamma,26,447.4367,500.11982,138.4692
15,1,0,gamma,0,11.130658,25.641885,1.8213235
15,1,0,gamma,1,10,25.312759,2.9087024
15,1,0,gamma,2,8.4493462,24.861377,4.4
15,1,0,gamma,3,0,22.401844,12.525921
15,1,0,gamma,4,-0.2849879,22.318886,12.8
15,1,0,gamma,5,-9.019322,19.776395,21.2
15,1,0,gamma,6,-10,19.490928,22.143139
15,1,0,gamma,7,-38.96561,11.059282,50
15,1,0,gamma,8,-500.11982,-123.17883,493.50208
16,1,0,gamma,0,10.923859,14.792443,18.486922
16,1,0,gamma,1,10,14.974652,17.057823
16,1,0,gamma,2,9.8714776,15,16.859014
16,1,0,gamma,3,7.2474763,15.517521,12.8
16,1,0,gamma,4,1.8171894,16.588514,4.4
16,1,0,gamma,5,4.4408921e-16,16.946911,1.5890267
16,1,0,gamma,6,-3.6130974,17.659507,-4
16,1,0,gamma,7,-33.350382,23.524468,-50
16,1,0,gamma,8,-324.33606,80.914367,-500.11982
17,1,0,gamma,0,0.92858604,19.002254,14.08827
17,1,0,gamma,1,10,21.249759,14.236762
17,1,0,gamma,2,30,26.204895,14.564145
17,1,0,gamma,3,45.317861,30,14.814886
17,1,0,gamma,4,50,31.160032,14.891529
17,1,0,gamma,5,70,36.115168,15.218912
17,1,0,gamma,6,90,41.070305,15.546296
17,1,0,gamma,7,105.8611,45,15.805929
17,1,0,gamma,8,110,46.025442,15.873679
17,1,0,gamma,9,130,50.980578,16.201063
17,1,0,gamma,10,150,55.935715,16.528446
17,1,0,gamma,11,166.40433,60,16.796971
17,1,0,gamma,12,170,60.890852,16.855829
17,1,0,gamma,13,180,63.36842,17.019521
17,1,0,gamma,14,190,65.845988,17.183213
17,1,0,gamma,15,500.11982,142.68029,22.259618
18,1,0,gamma,0,16.939149,12.86136,10.942351
18,1,0,gamma,1,10,12.86108,6.9700193
18,1,0,gamma,2,5.5105089,12.860899,4.4
18,1,0,gamma,3,0,12.860677,1.2454967
18,1,0,gamma,4,-9.1632039,12.860308,-4
18,1,0,gamma,5,-50,12.858663,-27.377116
18,1,0,gamma,6,-500.11982,12.840532,-285.04922
19,1,0,gamma,0,3.3981559,26.393217,6.0576113
19,1,0,gamma,1,7.1160521,15,10.767186
19,1,0,gamma,2,8.7208242,10.082295,12.8
19,1,0,gamma,3,10,6.1623559,14.420372
19,1,0,gamma,4,12.010933,6.2172489e-15,16.967683
19,1,0,gamma,5,28.327204,-50,37.636008
19,1,0,gamma,6,175.21274,-500.11982,223.70046
20,1,0,gamma,0,6.710677,19.986825,19.443526
20,1,0,gamma,1,7.0438852,27.320564,12.8
20,1,0,gamma,2,7.1656253,30,10.372739
20,1,0,gamma,3,7.4651899,36.593263,4.4
20,1,0,gamma,4,7.6858733,41.450391,0
20,1,0,gamma,5,7.8471497,45,-3.2155386
20,1,0,gamma,6,7.8864946,45.865961,-4
20,1,0,gamma,7,8.0743245,50,-7.7449644
20,1,0,gamma,8,28.525501,500.11982,-415.50183
21,1,0,gamma,0,3.6762428,23.986025,3.357583
21,1,0,gamma,1,10,22.027624,4.1198526
21,1,0,gamma,2,12.324092,21.307877,4.4
21,1,0,gamma,3,30,15.833836,6.5306647
21,1,0,gamma,4,32.692491,15,6.8552192
21,1,0,gamma,5,50,9.6400481,8.9414767
21,1,0,gamma,6,70,3.4462602,11.352289
21,1,0,gamma,7,81.128118,4.4408921e-16,12.693679
21,1,0,gamma,8,500.11982,-129.75729,63.199191
22,1,0,gamma,0,8.2097788,13.323991,2.7732431
22,1,0,gamma,1,9.0840255,13.834357,4.4
22,1,0,gamma,2,10,14.369083,6.1044019
22,1,0,gamma,3,11.080747,15,8.1154052
22,1,0,gamma,4,13.598328,16.469709,12.8
22,1,0,gamma,5,17.46773,18.728581,20
22,1,0,gamma,6,18.11263,19.10506,21.2
22,1,0,gamma,7,22.626932,21.740411,29.6
22,1,0,gamma,8,27.141235,24.375763,38
22,1,0,gamma,9,30,26.044648,43.319455
22,1,0,gamma,10,31.655537,27.011114,46.4
22,1,0,gamma,11,33.590238,28.14055,50
22,1,0,gamma,12,36.169839,29.646465,54.8
22,1,0,gamma,13,36.775437,30,55.926868
22,1,0,gamma,14,40.684141,32.281817,63.2
22,1,0,gamma,15,45.198444,34.917168,71.6
22,1,0,gamma,16,49.712746,37.552519,80
22,1,0,gamma,17,275.49225,169.35767,500.11982
23,1,0,gamma,0,18.653398,15.126534,11.169628
23,1,0,gamma,1,10.804202,23.905488,12.8
23,1,0,gamma,2,10,24.804949,12.967042
23,1,0,gamma,3,5.3551441,30,13.931834
23,1,0,gamma,4,0,35.989474,15.044161
23,1,0,gamma,5,-8.0562434,45,16.717539
23,1,0,gamma,6,-10,47.173999,17.12128
23,1,0,gamma,7,-12.526706,50,17.646107
23,1,0,gamma,8,-414.97546,500.11982,101.2395
24,1,0,gamma,0,14.436631,28.912963,9.0643763
24,1,0,gamma,1,25.11428,15,9.5095186
24,1,0,gamma,2,30,8.6339127,9.7132002
24,1,0,gamma,3,36.626187,3.5527137e-15,9.9894403
24,1,0,gamma,4,50,-17.426062,10.546983
24,1,0,gamma,5,420.44837,-500.11982,25.990665
25,1,0,gamma,0,4.0432374,25.425809,15.922632
25,1,0,gamma,1,10,24.342571,13.485775
25,1,0,gamma,2,11.676339,24.037729,12.8
25,1,0,gamma,3,30,20.705568,5.3039578
25,1,0,gamma,4,32.209675,20.303739,4.4
25,1,0,gamma,5,42.965232,18.347839,0
25,1,0,gamma,6,50,17.068565,-2.8778593
25,1,0,gamma,7,52.743011,16.569748,-4
25,1,0,gamma,8,500.11982,-64.785791,-187.01776
26,1,0,gamma,0,15.633379,27.944907,7.7320716
26,1,0,gamma,1,13.605349,26.313851,4.4
26,1,0,gamma,2,10.927336,24.160042,8.8817842e-16
26,1,0,gamma,3,10,23.414226,-1.5236219
26,1,0,gamma,4,8.4927789,22.202034,-4
26,1,0,gamma,5,-19.504629,-0.31505881,-50
26,1,0,gamma,6,-293.46524,-220.64962,-500.11982
27,1,0,gamma,0,0.58063199,21.924981,7.2486448
27,1,0,gamma,1,7.7776979,15,10.843216
27,1,0,gamma,2,10,12.861712,11.953144
27,1,0,gamma,3,10.73631,12.153238,12.320894
27,1,0,gamma,4,12.988468,5.9583139,4.4
27,1,0,gamma,5,14.239526,2.5170775,-8.8817842e-16
27,1,0,gamma,6,15.154606,0,-3.218361
27,1,0,gamma,7,28.45609,-36.587882,-50
27,1,0,gamma,8,156.43924,-388.62622,-500.11982
27,2,1,e-,0,10.73631,12.153238,12.320894
27,2,1,e-,1,11.402543,11.487452,12.639222
27,2,1,e-,2,11.737036,11.123017,12.8
27,2,1,e-,3,14.358393,8.6747692,13.790536
27,2,1,e-,4,16.853349,5.9063044,14.181715
27,2,1,e-,5,18.318178,4.2955739,14.382848
27,2,1,e-,6,20.430225,0.42596604,14.186669
27,2,1,e-,7,20.744361,4.4408921e-15,14.201915
27,2,1,e-,8,50,-40.634114,14.230092
27,2,1,e-,9,158.14938,-190.39487,0.043199359
27,2,1,e-,10,167.11751,-202.28478,-0.83094141
27,2,1,e-,11,236.01482,-292.09539,-3.8329405
27,2,1,e-,12,274.97442,-346.48056,-2.5258111
27,2,1,e-,13,357.08242,-459.12302,0.25502539
27,2,1,e-,14,389.26458,-500.11982,0.26845867
27,10,2,e-,0,357.08242,-459.12302,0.25502539
27,10,2,e-,1,356.51784,-459.96655,2.5681948
27,10,2,e-,2,356.5932,-459.57211,4.4431687
27,10,2,e-,3,356.49151,-460.80973,4.1552385
27,10,2,e-,4,356.06606,-460.72109,4.2962332
27,11,10,e-,0,356.51784,-459.96655,2.5681948
27,11,10,e-,1,356.47668,-459.93224,2.5629113
27,9,2,e-,0,274.97442,-346.48056,-2.5258111
27,9,2,e-,1,274.95781,-346.49486,-2.4571164
27,8,2,e-,0,236.01482,-292.09539,-3.8329405
27,8,2,e-,1,236.02878,-292.0886,-3.8681374
27,7,2,e-,0,167.11751,-202.28478,-0.83094141
27,7,2,e-,1,167.00152,-202.39073,-0.82778581
27,6,2,e-,0,158.14938,-190.39487,0.043199359
27,6,2,e-,1,159.73504,-189.85164,2.2761155
27,6,2,e-,2,161.44461,-190.26089,2.2056781
27,6,2,e-,3,161.08224,-191.33263,2.0099924
27,6,2,e-,4,161.21776,-191.29213,1.8280836
27,5,2,gamma,0,18.318178,4.2955739,14.382848
27,5,2,gamma,1,21.803348,0,14.746069
27,5,2,gamma,2,50,-34.753193,17.684697
27,5,2,gamma,3,427.5705,-500.11982,57.034733
27,4,2,e-,0,14.358393,8.6747692,13.790536
27,4,2,e-,1,14.64799,8.6896366,13.846834
27,3,2,gamma,0,11.402543,11.487452,12.639222
27,3,2,gamma,1,11.722163,11.167754,12.8
27,3,2,gamma,2,18.056047,4.8323289,15.986128
27,3,2,gamma,3,17.56121,4.604161,16.215762
27,3,2,gamma,4,22.032035,8.0811875,15.6723
27,3,2,gamma,5,24.683797,9.7367849,13.930785
27,3,2,gamma,6,17.213717,13.374122,20
27,3,2,gamma,7,15.736739,14.093293,21.2
27,3,2,gamma,8,13.874615,15,22.712919
27,3,2,gamma,9,10,16.88663,25.860927
27,3,2,gamma,10,5.397893,19.127492,29.6
27,3,2,gamma,11,-4.9409527,24.16169,38
27,3,2,gamma,12,-10,26.625045,42.110323
27,3,2,gamma,13,-19.710732,31.353401,50
27,3,2,gamma,14,-500.11982,265.27454,440.31788
27,15,3,e-,0,24.683797,9.7367849,13.930785
27,15,3,e-,1,24.686277,9.7371859,13.928996
27,14,3,e-,0,22.032035,8.0811875,15.6723
27,14,3,e-,1,22.03204,8.0812009,15.672332
27,13,3,e-,0,17.56121,4.604161,16.215762
27,13,3,e-,1,17.543767,4.594222,16.221805
27,12,3,e-,0,18.056047,4.8323289,15.986128
27,12,3,e-,1,18.122769,4.8040168,15.994261
28,1,0,gamma,0,12.287125,19.203691,0.2976833
28,1,0,gamma,1,10,18.539149,1.0871625
28,1,0,gamma,2,0.40269252,15.750577,4.4
28,1,0,gamma,3,0,15.633571,4.539003
28,1,0,gamma,4,-2.180534,15,5.2916886
28,1,0,gamma,5,-10,12.727993,7.9908436
28,1,0,gamma,6,-50,1.1056827,21.798206
28,1,0,gamma,7,-500.11982,-129.68013,177.17239
29,1,0,gamma,0,15.392432,18.110954,18.206899
29,1,0,gamma,1,13.261978,15,15.887683
29,1,0,gamma,2,10.425604,10.858238,12.8
29,1,0,gamma,3,10,10.236758,12.336687
29,1,0,gamma,4,2.9896317,0,4.7051861
29,1,0,gamma,5,-31.251523,-50,-32.569804
29,1,0,gamma,6,-339.50397,-500.11982,-368.13403
30,1,0,gamma,0,17.127086,13.142758,8.5225446
30,1,0,gamma,1,15.308045,15,7.2573174
30,1,0,gamma,2,11.200024,19.194289,4.4
30,1,0,gamma,3,10,20.419514,3.5653282
30,1,0,gamma,4,8.9580129,21.483383,2.8405783
30,1,0,gamma,5,8.6705939,21.200523,4.4
30,1,0,gamma,6,7.1223794,19.676869,12.8
30,1,0,gamma,7,5.7953383,18.37088,20
30,1,0,gamma,8,5.5741648,18.153215,21.2
30,1,0,gamma,9,4.0259502,16.629561,29.6
30,1,0,gamma,10,2.4777356,15.105907,38
30,1,0,gamma,11,2.3701219,15,38.583869
30,1,0,gamma,12,0.92952099,13.582252,46.4
30,1,0,gamma,13,0.26600045,12.929258,50
30,1,0,gamma,14,-0.6186936,12.058598,54.8
30,1,0,gamma,15,-2.1669082,10.534944,63.2
30,1,0,gamma,16,-3.7151228,9.0112897,71.6
30,1,0,gamma,17,-5.2633374,7.4876355,80
30,1,0,gamma,18,-82.69615,-68.716808,500.11982
30,2,1,e-,0,8.9580129,21.483383,2.8405783
30,2,1,e-,1,5.1224442,25.456092,4.4408921e-16
30,2,1,e-,2,0.3796835,30,-3.7373707
30,2,1,e-,3,0.048220775,30.316586,-4
30,2,1,e-,4,-20.542704,50,-20.343993
30,2,1,e-,5,-98.691765,123.59298,-83.160946
30,2,1,e-,6,-106.69838,131.30869,-89.60259
30,2,1,e-,7,-159.54865,180.66424,-131.69421
30,2,1,e-,8,-180.5349,199.65114,-148.81311
30,2,1,e-,9,-181.75166,200.77946,-149.83535
30,2,1,e-,10,-184.75349,203.5609,-152.40427
30,2,1,e-,11,-187.23548,205.89943,-154.54678
30,2,1,e-,12,-233.88337,252.70759,-196.83357
30,2,1,e-,13,-290.1258,309.65724,-250.53423
30,2,1,e-,14,-361.83001,383.40648,-320.28129
30,2,1,e-,15,-468.94327,497.69484,-420.92564
30,2,1,e-,16,-471.15444,500.11982,-423.05779
30,13,2,e-,0,-468.94327,497.69484,-420.92564
30,13,2,e-,1,-468.80157,497.68845,-421.10519
30,12,2,e-,0,-361.83001,383.40648,-320.28129
30,12,2,e-,1,-362.42217,382.7339,-320.56019
30,12,2,e-,2,-362.53424,382.79948,-320.71635
30,11,2,e-,0,-290.1258,309.65724,-250.53423
30,11,2,e-,1,-290.45016,309.14194,-250.85797
30,11,2,e-,2,-290.46077,309.16339,-250.87424
30,10,2,e-,0,-233.88337,252.70759,-196.83357
30,10,2,e-,1,-233.89278,252.73507,-196.79667
30,9,2,e-,0,-187.23548,205.89943,-154.54678
30,9,2,e-,1,-187.75172,205.78629,-154.18412
30,9,2,e-,2,-187.82721,205.80577,-154.16848
30,8,2,e-,0,-184.75349,203.5609,-152.40427
30,8,2,e-,1,-184.80092,203.54718,-152.36893
30,7,2,e-,0,-181.75166,200.77946,-149.83535
30,7,2,e-,1,-182.02222,200.83052,-149.52157
30,6,2,e-,0,-180.5349,199.65114,-148.81311
30,6,2,e-,1,-180.75839,199.61897,-148.61905
30,5,2,e-,0,-159.54865,180.66424,-131.69421
30,5,2,e-,1,-159.53294,180.67036,-131.7081
30,4,2,e-,0,-106.69838,131.30869,-89.60259
30,4,2,e-,1,-106.74125,131.31157,-89.551477
30,3,2,e-,0,-98.691765,123.59298,-83.160946
30,3,2,e-,1,-98.669718,123.60111,-83.181002
31,1,0,gamma,0,3.6261472,26.57023,5.9743227
31,1,0,gamma,1,3.8535232,19.662105,12.8
31,1,0,gamma,2,4.006973,15,17.406463
31,1,0,gamma,3,4.0933685,12.375136,20
31,1,0,gamma,4,4.1333427,11.160641,21.2
31,1,0,gamma,5,4.4131623,2.6591773,29.6
31,1,0,gamma,6,4.5006872,3.5527137e-15,32.22744
31,1,0,gamma,7,5.092724,-17.987235,50
31,1,0,gamma,8,20.087048,-473.54406,500.11982
32,1,0,gamma,0,5.0447639,25.243938,3.075641
32,1,0,gamma,1,4.5993395,26.274299,4.4
32,1,0,gamma,2,2.9887211,30,9.1887753
32,1,0,gamma,3,1.7741507,32.809558,12.8
32,1,0,gamma,4,0,36.913544,18.074998
32,1,0,gamma,5,-1.0510382,39.344818,21.2
32,1,0,gamma,6,-3.49577,45,28.468805
32,1,0,gamma,7,-3.876227,45.880078,29.6
32,1,0,gamma,8,-5.6572671,50,34.895482
32,1,0,gamma,9,-6.7014159,52.415337,38
32,1,0,gamma,10,-9.5266048,58.950597,46.4
32,1,0,gamma,11,-9.9802611,60,47.748835
32,1,0,gamma,12,-10,60.04566,47.807524
32,1,0,gamma,13,-162.1271,411.94783,500.11982
33,1,0,gamma,0,2.000797,18.748883,15.869196
33,1,0,gamma,1,10,22.61391,12.963791
33,1,0,gamma,2,10.450951,22.831799,12.8
33,1,0,gamma,3,25.286523,30,7.4115457
33,1,0,gamma,4,26.743809,30.704126,6.8822423
33,3,1,e+,0,26.743809,30.704126,6.8822423
33,3,1,e+,1,30,32.169556,5.8348126
33,3,1,e+,2,30.76162,31.439792,6.6843885
33,3,1,e+,3,32.160109,30.929207,7.814752
33,3,1,e+,4,33.319687,30,8.5669416
33,3,1,e+,5,33.722617,28.281679,9.0388121
33,3,1,e+,6,33.274367,26.869617,9.3525599
33,3,1,e+,7,33.601301,25.548467,9.99628
33,3,1,e+,8,34.414517,24.151108,10.401797
33,3,1,e+,9,35.494157,22.865494,9.667617
33,3,1,e+,10,35.986226,22.427125,9.6328227
33,3,1,e+,11,35.985395,22.427213,9.6327832
33,3,1,e+,12,35.985395,22.427213,9.6327832
33,8,3,gamma,0,35.985395,22.427213,9.6327832
33,8,3,gamma,1,39.966401,20.352955,12.8
33,8,3,gamma,2,49.016378,15.637565,20
33,8,3,gamma,3,50,15.12506,20.782552
33,8,3,gamma,4,50.24002,15,20.973508
33,8,3,gamma,5,50.524707,14.851667,21.2
33,8,3,gamma,6,61.083014,9.3503788,29.6
33,8,3,gamma,7,70,4.7042824,36.694195
33,8,3,gamma,8,71.64132,3.8490908,38
33,8,3,gamma,9,79.028659,3.5527137e-15,43.877235
33,8,3,gamma,10,500.11982,-219.40486,378.88984
33,7,3,gamma,0,35.985395,22.427213,9.6327832
33,7,3,gamma,1,30,25.545837,4.8709095
33,7,3,gamma,2,29.408094,25.854243,4.4
33,7,3,gamma,3,23.877553,28.73587,0
33,7,3,gamma,4,21.451381,30,-1.9302195
33,7,3,gamma,5,18.849788,31.355531,-4
33,7,3,gamma,6,-16.933472,50,-32.468523
33,7,3,gamma,7,-500.11982,301.75886,-416.88295
33,6,3,gamma,0,33.274367,26.869617,9.3525599
33,6,3,gamma,1,33.09427,25.817294,9.7951632
33,9,6,e-,0,33.09427,25.817294,9.7951632
33,9,6,e-,1,33.094226,25.817247,9.7951974
33,9,6,e-,2,33.093874,25.81689,9.7955355
33,5,3,gamma,0,32.160109,30.929207,7.814752
33,5,3,gamma,1,32.43797,30.564684,7.9658167
33,5,3,gamma,2,32.025033,30.910606,8.7124114
33,11,5,e-,0,32.025033,30.910606,8.7124114
33,11,5,e-,1,32.02507,30.910341,8.7126109
33,11,5,e-,2,32.025515,30.907762,8.7140609
33,10,5,e-,0,32.43797,30.564684,7.9658167
33,10,5,e-,1,32.438002,30.564648,7.9658026
33,4,3,gamma,0,30.76162,31.439792,6.6843885
33,4,3,gamma,1,32.630852,30,8.7902337
33,4,3,gamma,2,33.907926,29.016323,10.228963
33,4,3,gamma,3,34.021294,30,11.538577
33,4,3,gamma,4,34.13049,30.947479,12.8
33,4,3,gamma,5,34.753765,36.35554,20
33,4,3,gamma,6,34.857644,37.256884,21.2
33,4,3,gamma,7,35.584798,43.566289,29.6
33,4,3,gamma,8,35.619424,43.866736,30
33,4,3,gamma,9,35.750032,45,31.508766
33,4,3,gamma,10,36.311952,49.875693,38
33,4,3,gamma,11,36.326278,50,38.165495
33,4,3,gamma,12,37.039106,56.185098,46.4
33,4,3,gamma,13,37.47877,60,51.478954
33,4,3,gamma,14,37.76626,62.494502,54.8
33,4,3,gamma,15,38.493414,68.803907,63.2
33,4,3,gamma,16,39.207508,75,71.449143
33,4,3,gamma,17,39.220568,75.113312,71.6
33,4,3,gamma,18,39.947722,81.422716,80
33,4,3,gamma,19,76.315792,396.98294,500.11982
33,12,4,e-,0,33.907926,29.016323,10.228963
33,12,4,e-,1,33.909439,29.013657,10.229011
33,2,1,e-,0,26.743809,30.704126,6.8822423
33,2,1,e-,1,26.895731,30.801223,6.7973605
33,2,1,e-,2,26.899326,30.812125,6.800116
33,13,2,gamma,0,26.895731,30.801223,6.7973605
33,13,2,gamma,1,22.101715,45,9.4995955
33,13,2,gamma,2,20.413536,50,10.451169
33,13,2,gamma,3,17.037177,60,12.354315
33,13,2,gamma,4,16.24649,62.341833,12.8
33,13,2,gamma,5,11.972639,75,15.209034
33,13,2,gamma,6,10,80.842504,16.320948
33,13,2,gamma,7,6.9081011,90,18.063754
33,13,2,gamma,8,3.4730202,100.17392,20
33,13,2,gamma,9,1.8435631,105,20.918473
33,13,2,gamma,10,1.3441085,106.47927,21.2
33,13,2,gamma,11,-3.2209748,120,23.773193
33,13,2,gamma,12,-8.2855128,135,26.627912
33,13,2,gamma,13,-10,140.07792,27.594314
33,13,2,gamma,14,-131.56306,500.11982,96.115554
34,1,0,gamma,0,14.243716,20.868252,19.013158
34,1,0,gamma,1,17.256842,22.373119,12.8
34,1,0,gamma,2,21.330495,24.407654,4.4
34,1,0,gamma,3,23.464314,25.473362,0
34,1,0,gamma,4,25.404149,26.442188,-4
34,1,0,gamma,5,47.712252,37.583686,-50
34,1,0,gamma,6,266.0018,146.60562,-500.11982
35,1,0,gamma,0,14.323298,13.509677,16.259777
35,1,0,gamma,1,13.827753,15,14.595082
35,1,0,gamma,2,13.293394,16.607054,12.8
35,1,0,gamma,3,10.79289,24.127182,4.4
35,1,0,gamma,4,10,26.511755,1.7364267
35,1,0,gamma,5,9.4831021,28.066297,0
35,1,0,gamma,6,8.8401301,30,-2.1599502
35,1,0,gamma,7,8.2923858,31.647311,-4
35,1,0,gamma,8,2.1899665,50,-24.499994
35,1,0,gamma,9,-139.39211,475.80027,-500.11982
36,1,0,gamma,0,19.332289,21.56319,6.7650616
36,1,0,gamma,1,10,25.558733,11.086484
36,1,0,gamma,2,6.299591,27.143033,12.8
36,1,0,gamma,3,0,29.840151,15.717097
36,1,0,gamma,4,-0.37335479,30,15.889983
36,1,0,gamma,5,-10,34.121569,20.34771
36,1,0,gamma,6,-47.08685,50,37.521197
36,1,0,gamma,7,-500.11982,243.96235,247.30325
37,1,0,gamma,0,18.793645,15.249016,9.6838401
37,1,0,gamma,1,10,24.199711,6.3086668
37,1,0,gamma,2,5.0271771,29.261345,4.4
37,1,0,gamma,3,4.3014827,30,4.1214643
37,1,0,gamma,4,0,34.378305,2.470471
37,1,0,gamma,5,-10,44.556899,-1.3677249
37,1,0,gamma,6,-15.347597,50,-3.4202372
37,1,0,gamma,7,-457.56959,500.11982,-173.1537
38,1,0,gamma,0,11.643011,29.819393,9.0618959
38,1,0,gamma,1,30,19.678107,11.249943
38,1,0,gamma,2,38.467955,15,12.259274
38,1,0,gamma,3,43.004466,12.493812,12.8
38,1,0,gamma,4,50,8.6291421,13.633827
38,1,0,gamma,5,65.61982,3.5527137e-15,15.495619
38,1,0,gamma,6,500.11982,-240.03875,67.285505
39,1,0,gamma,0,16.466659,13.120566,6.7051983
39,1,0,gamma,1,15.661813,14.73183,12.8
39,1,0,gamma,2,15.527859,15,13.814387
39,1,0,gamma,3,14.711021,16.635271,20
39,1,0,gamma,4,14.552556,16.952511,21.2
39,1,0,gamma,5,13.443298,19.173192,29.6
39,1,0,gamma,6,12.334041,21.393873,38
39,1,0,gamma,7,11.224784,23.614554,46.4
39,1,0,gamma,8,10.749388,24.566275,50
39,1,0,gamma,9,10.532737,25,51.640619
39,1,0,gamma,10,10.115526,25.835236,54.8
39,1,0,gamma,11,10,26.066514,55.67484
39,1,0,gamma,12,9.0062691,28.055917,63.2
39,1,0,gamma,13,8.0351759,30,70.553734
39,1,0,gamma,14,7.8970118,30.276598,71.6
39,1,0,gamma,15,6.7877545,32.497279,80
39,1,0,gamma,16,-48.690933,143.56301,500.11982
40,1,0,gamma,0,4.4831418,17.250686,17.87436
40,1,0,gamma,1,10,16.340843,15.345671
40,1,0,gamma,2,15.553909,15.42489,12.8
40,1,0,gamma,3,18.130242,15,11.619121
40,1,0,gamma,4,30,13.042434,6.1785379
40,1,0,gamma,5,33.197693,12.515069,4.712854
40,1,0,gamma,6,45.614956,2.7682519,4.4
40,1,0,gamma,7,49.141657,0,4.3111445
40,1,0,gamma,8,50,-0.67374836,4.2895184
40,1,0,gamma,9,500.11982,-353.99118,-7.0512895
40,2,1,e-,0,33.197693,12.515069,4.712854
40,2,1,e-,1,33.717895,12.535795,4.4
40,2,1,e-,2,35.191812,13.006487,3.387007
40,2,1,e-,3,36.699958,13.421931,2.7782993
40,2,1,e-,4,37.734677,12.284045,2.4463516
40,2,1,e-,5,37.181987,10.745761,2.8367552
40,2,1,e-,6,36.376649,9.6980711,2.8029218
40,2,1,e-,7,36.177507,9.397637,2.8783684
41,1,0,gamma,0,1.8644979,14.956533,12.894313
41,1,0,gamma,1,1.8810485,15,12.908499
41,1,0,gamma,2,7.5925244,30,17.803989
41,1,0,gamma,3,10,36.322733,19.867514
41,1,0,gamma,4,10.154569,36.728675,20
41,1,0,gamma,5,11.554586,40.405529,21.2
41,1,0,gamma,6,13.304,45,22.699479
41,1,0,gamma,7,15.207825,50,24.331309
41,1,0,gamma,8,19.015476,60,27.59497
41,1,0,gamma,9,21.354707,66.143503,29.6
41,1,0,gamma,10,21.82138,67.36912,30
41,1,0,gamma,11,22.247932,68.489371,30.365612
41,1,0,gamma,12,24.726952,75,32.49046
41,1,0,gamma,13,25.321423,76.561254,33
41,1,0,gamma,14,30,88.848561,37.010159
41,1,0,gamma,15,30.438428,90,37.38595
41,1,0,gamma,16,31.154828,91.881477,38
41,1,0,gamma,17,36.149903,105,42.28144
41,1,0,gamma,18,40.954949,117.61945,46.4
41,1,0,gamma,19,41.861379,120,47.17693
41,1,0,gamma,20,47.572855,135,52.072421
41,1,0,gamma,21,50,141.37439,54.152805
41,1,0,gamma,22,50.75507,143.35742,54.8
41,1,0,gamma,23,53.284331,150,56.967911
41,1,0,gamma,24,186.59772,500.11982,171.23512
42,1,0,gamma,0,7.1055466,29.525815,10.938611
42,1,0,gamma,1,9.5253264,25.099823,4.4
42,1,0,gamma,2,10,24.231603,3.1173601
42,1,0,gamma,3,11.153659,22.12146,0
42,1,0,gamma,4,12.633961,19.413856,-4
42,1,0,gamma,5,29.657433,-11.723583,-50
42,1,0,gamma,6,196.23575,-316.41007,-500.11982
43,1,0,gamma,0,5.7941592,12.639346,15.30393
43,1,0,gamma,1,5.5605181,12.029392,12.8
43,1,0,gamma,2,4.7767158,9.9831656,4.4
43,1,0,gamma,3,4.3661527,8.9113325,0
43,1,0,gamma,4,3.9929135,7.9369388,-4
43,1,0,gamma,5,-0.29933721,-3.2685885,-50
43,1,0,gamma,6,-42.299926,-112.91706,-500.11982
44,1,0,gamma,0,19.726696,22.190144,10.771131
44,1,0,gamma,1,14.566641,20.085698,12.8
44,1,0,gamma,2,10,18.223267,14.595545
44,1,0,gamma,3,8.9318231,17.787628,15.015539
44,1,0,gamma,4,0,19.540983,16.714471
44,1,0,gamma,5,-10,21.504025,18.616582
44,1,0,gamma,6,-50,29.356196,26.225027
44,1,0,gamma,7,-500.11982,117.71664,111.84282
44,2,1,e-,0,8.9318231,17.787628,15.015539
44,2,1,e-,1,8.3315479,17.478544,15.250717
44,2,1,e-,2,7.803677,17.038908,15.646109
44,2,1,e-,3,7.0587118,16.837446,16.265251
44,2,1,e-,4,6.4988875,17.63753,15.991373
44,2,1,e-,5,6.00856,18.844425,15.736301
44,2,1,e-,6,5.7143079,19.236378,15.826056
44,2,1,e-,7,5.7136525,19.240947,15.840639
45,1,0,gamma,0,13.201271,11.32966,6.1820071
45,1,0,gamma,1,18.58676,15,8.7377041
45,1,0,gamma,2,27.147026,20.834027,12.8
45,1,0,gamma,3,30,22.778398,14.153886
45,1,0,gamma,4,40.596255,30,19.182365
45,1,0,gamma,5,42.319214,31.174238,20
45,1,0,gamma,6,44.847912,32.897607,21.2
45,1,0,gamma,7,50,36.408878,23.644936
45,1,0,gamma,8,55,39.816499,26.017699
45,1,0,gamma,9,62.548799,44.961186,29.6
45,1,0,gamma,10,62.60575,45,29.627026
45,1,0,gamma,11,70,50.039359,33.135986
45,1,0,gamma,12,80.249685,57.024766,38
45,1,0,gamma,13,84.615245,60,40.071687
45,1,0,gamma,14,90,63.66984,42.627036
45,1,0,gamma,15,97.950571,69.088346,46.4
45,1,0,gamma,16,106.62474,75,50.516348
45,1,0,gamma,17,110,77.300321,52.118087
45,1,0,gamma,18,115.65146,81.151925,54.8
45,1,0,gamma,19,128.63423,90,60.961009
45,1,0,gamma,20,130,90.930802,61.609137
45,1,0,gamma,21,133.35234,93.215505,63.2
45,1,0,gamma,22,150,104.56128,71.100187
45,1,0,gamma,23,150.64373,105,71.405671
45,1,0,gamma,24,151.05323,105.27908,71.6
45,1,0,gamma,25,165,114.78414,78.218475
45,1,0,gamma,26,168.75412,117.34266,80
45,1,0,gamma,27,500.11982,343.17636,237.25042
46,1,0,gamma,0,12.249853,26.458403,17.295697
46,1,0,gamma,1,13.548321,28.018153,12.8
46,1,0,gamma,2,15.19818,30,7.0876852
46,1,0,gamma,3,15.97445,30.932473,4.4
46,1,0,gamma,4,17.245279,32.459022,0
46,1,0,gamma,5,18.400578,33.846793,-4
46,1,0,gamma,6,31.686518,49.806166,-50
46,1,0,gamma,7,161.69228,205.97203,-500.11982
47,1,0,gamma,0,0.7423229,16.226854,9.7575448
47,1,0,gamma,1,1.6080392,17.460971,12.8
47,1,0,gamma,2,3.6567652,20.381522,20
47,1,0,gamma,3,3.9982195,20.86828,21.2
47,1,0,gamma,4,6.3883998,24.275589,29.6
47,1,0,gamma,5,6.896564,25,31.385882
47,1,0,gamma,6,8.7785801,27.682898,38
47,1,0,gamma,7,10,29.424087,42.292533
47,1,0,gamma,8,10.403995,30,43.712325
47,1,0,gamma,9,11.16876,31.090207,46.4
47,1,0,gamma,10,12.193123,32.550482,50
47,1,0,gamma,11,13.558941,34.497516,54.8
47,1,0,gamma,12,15,36.551811,59.864429
47,1,0,gamma,13,15.949121,37.904825,63.2
47,1,0,gamma,14,18.339301,41.312134,71.6
47,1,0,gamma,15,20.729482,44.719443,80
47,1,0,gamma,16,140.27259,215.13349,500.11982
48,1,0,gamma,0,16.517865,14.279349,14.979116
48,1,0,gamma,1,14.017134,15,13.3496
48,1,0,gamma,2,13.173692,15.24306,12.8
48,1,0,gamma,3,10,16.157643,10.731972
48,1,0,gamma,4,0.28265878,18.95795,4.4
48,1,0,gamma,5,0,19.039406,4.2158151
48,1,0,gamma,6,-10,21.921169,-2.3003422
48,1,0,gamma,7,-50,33.448221,-28.364972
48,1,0,gamma,8,-500.11982,163.16208,-321.67012
49,1,0,gamma,0,16.351341,17.913529,17.436875
49,1,0,gamma,1,10.729888,17.360256,12.8
49,1,0,gamma,2,10,17.28842,12.197949
49,1,0,gamma,3,0.54626322,16.357967,4.4
49,1,0,gamma,4,1.110223e-16,16.304202,3.9494128
49,1,0,gamma,5,-9.6373619,15.355677,-4
49,1,0,gamma,6,-50,11.383116,-37.293268
49,1,0,gamma,7,-500.11982,-32.91845,-408.57623
50,1,0,gamma,0,11.086693,14.814813,1.5186713
50,1,0,gamma,1,11.225737,15,1.7804899
50,1,0,gamma,2,12.616877,16.852804,4.4
50,1,0,gamma,3,17.077857,22.794204,12.8
50,1,0,gamma,4,20.901553,27.886832,20
50,1,0,gamma,5,21.538836,28.735603,21.2
50,1,0,gamma,6,22.488183,30,22.987615
50,1,0,gamma,7,25.999816,34.677003,29.6
50,1,0,gamma,8,26.212243,34.959927,30
50,1,0,gamma,9,30,40.004688,37.132325
50,1,0,gamma,10,30.460795,40.618402,38
50,1,0,gamma,11,33.750629,45,44.194739
50,1,0,gamma,12,34.921774,46.559802,46.4
50,1,0,gamma,13,36.833623,49.106116,50
50,1,0,gamma,14,39.382754,52.501201,54.8
50,1,0,gamma,15,43.843733,58.442601,63.2
50,1,0,gamma,16,45.013075,60,65.401864
50,1,0,gamma,17,48.304713,64.384,71.6
50,1,0,gamma,18,50,66.641886,74.792217
50,1,0,gamma,19,52.765692,70.3254,80
50,1,0,gamma,20,275.87829,367.48012,500.11982
51,1,0,gamma,0,4.9291084,24.173768,17.540936
51,1,0,gamma,1,3.7991995,15.652313,12.8
51,1,0,gamma,2,3.7127055,15,12.437084
51,1,0,gamma,3,1.7972246,0.55398142,4.4
51,1,0,gamma,4,1.723769,0,4.0917908
51,1,0,gamma,5,-4.9060194,-50,-23.725853
51,1,0,gamma,6,-64.590002,-500.11982,-274.1513
52,1,0,gamma,0,2.0612129,13.930661,10.372536
52,1,0,gamma,1,4.2040844,14.263997,12.8
52,1,0,gamma,2,8.9355298,15,18.159823
52,1,0,gamma,3,10,15.165584,19.365665
52,1,0,gamma,4,10.559967,15.25269,20
52,1,0,gamma,5,11.61928,15.417473,21.2
52,1,0,gamma,6,19.034476,16.570948,29.6
52,1,0,gamma,7,26.449672,17.724424,38
52,1,0,gamma,8,30,18.276698,42.021843
52,1,0,gamma,9,33.864868,18.8779,46.4
52,1,0,gamma,10,37.042809,19.372247,50
52,1,0,gamma,11,41.280064,20.031376,54.8
52,1,0,gamma,12,48.69526,21.184852,63.2
52,1,0,gamma,13,50,21.387811,64.678021
52,1,0,gamma,14,56.110456,22.338327,71.6
52,1,0,gamma,15,63.525652,23.491803,80
52,1,0,gamma,16,434.39122,81.182045,500.11982
53,1,0,gamma,0,18.637874,24.849272,8.6319041
53,1,0,gamma,1,15.67049,23.992302,12.8
53,1,0,gamma,2,10.544608,22.511966,20
53,1,0,gamma,3,10,22.354685,20.764976
53,1,0,gamma,4,9.6902944,22.265244,21.2
53,1,0,gamma,5,3.7100987,20.538185,29.6
53,1,0,gamma,6,-2.270097,18.811126,38
53,1,0,gamma,7,-8.2502926,17.084067,46.4
53,1,0,gamma,8,-10,16.578758,48.857703
53,1,0,gamma,9,-10.813234,16.343899,50
53,1,0,gamma,10,-331.26616,-76.201738,500.11982
54,1,0,gamma,0,4.7054858,12.891673,14.630314
54,1,0,gamma,1,4.6407758,15,14.098397
54,1,0,gamma,2,4.48282,20.14638,12.8
54,1,0,gamma,3,4.1803867,30,10.313998
54,1,0,gamma,4,3.7199976,45,6.5295978
54,1,0,gamma,5,3.5665345,50,5.2681312
54,1,0,gamma,6,3.4609225,53.44096,4.4
54,1,0,gamma,7,3.2596085,60,2.7451981
54,1,0,gamma,8,2.9256429,70.880979,0
54,1,0,gamma,9,2.7992194,75,-1.0392016
54,1,0,gamma,10,2.439025,86.735541,-4
54,1,0,gamma,11,-10.248816,500.11982,-108.29409
55,1,0,gamma,0,12.473978,13.633347,2.6962224
55,1,0,gamma,1,11.874742,15,4.2722542
55,1,0,gamma,2,11.826171,15.110775,4.4
55,1,0,gamma,3,11.607748,15.608923,4.9744674
55,3,1,e+,0,11.607748,15.608923,4.9744674
55,3,1,e+,1,10.111442,17.41479,6.5364299
55,3,1,e+,2,10,17.600159,6.7260397
55,3,1,e+,3,9.5345735,18.765679,6.9949586
55,3,1,e+,4,8.9043627,19.675326,6.1543038
55,3,1,e+,5,7.9501837,20.044747,5.9870619
55,3,1,e+,6,7.8322191,20.071712,5.9091199
55,3,1,e+,7,7.0193426,20.735375,5.5199881
55,3,1,e+,8,8.1779067,20.71899,5.7115579
55,3,1,e+,9,8.8762609,20.932555,5.6186758
55,3,1,e+,10,8.8762609,20.932555,5.6186758
55,6,3,gamma,0,8.8762609,20.932555,5.6186758
55,6,3,gamma,1,9.5649848,21.995954,4.4
55,6,3,gamma,2,10,22.667624,3.630254
55,6,3,gamma,3,12.051606,25.835333,0
55,6,3,gamma,4,14.312171,29.325677,-4
55,6,3,gamma,5,27.702154,50,-27.693162
55,6,3,gamma,6,294.68993,462.23292,-500.11982
55,5,3,gamma,0,8.8762609,20.932555,5.6186758
55,5,3,gamma,1,7.0072557,18.046784,8.925823
55,5,3,gamma,2,3.8404842,15,11.701491
55,5,3,gamma,3,2.58719,13.794193,12.8
55,5,3,gamma,4,1.5980677,12.842548,13.666963
55,5,3,gamma,5,4.4408921e-16,12.838992,14.481244
55,5,3,gamma,6,-10,12.816743,19.576652
55,5,3,gamma,7,-50,12.727745,39.958283
55,5,3,gamma,8,-500.11982,11.726257,269.31268
55,8,5,e-,0,1.5980677,12.842548,13.666963
55,8,5,e-,1,1.6017438,12.825958,13.671435
55,7,5,e-,0,7.0072557,18.046784,8.925823
55,7,5,e-,1,7.0081017,18.046614,8.9265913
55,4,3,gamma,0,7.8322191,20.071712,5.9091199
55,4,3,gamma,1,7.6539466,20.002378,5.9576515
55,9,4,e-,0,7.6539466,20.002378,5.9576515
55,9,4,e-,1,7.6539427,20.002353,5.9576588
55,9,4,e-,2,7.6539249,20.00217,5.9577234
55,2,1,e-,0,11.607748,15.608923,4.9744674
55,2,1,e-,1,10.030099,17.889134,7.7783782
55,2,1,e-,2,10,17.897134,7.7997157
55,2,1,e-,3,9.1165888,18.273594,9.0977011
55,2,1,e-,4,7.7537557,19.586327,9.8515572
55,2,1,e-,5,7.4008299,20.267426,11.289636
55,2,1,e-,6,7.3700321,20.659367,11.87457
55,2,1,e-,7,7.3237817,20.538905,11.813747
55,10,2,e-,0,9.1165888,18.273594,9.0977011
55,10,2,e-,1,9.2229973,18.34418,9.4828825
55,10,2,e-,2,9.2114012,18.318634,9.4903618
56,1,0,gamma,0,7.3593975,16.306197,18.909716
56,1,0,gamma,1,0.42043909,30,18.673361
56,1,0,gamma,2,0,30.829723,18.65904
56,1,0,gamma,3,-7.1803985,45,18.414461
56,1,0,gamma,4,-9.714011,50,18.328161
56,1,0,gamma,5,-10,50.56439,18.318419
56,1,0,gamma,6,-237.79985,500.11982,10.559091
57,1,0,gamma,0,14.574707,13.171749,15.69623
57,1,0,gamma,1,15.478715,15,13.079772
57,1,0,gamma,2,15.575378,15.195491,12.8
57,1,0,gamma,3,18.477645,21.064993,4.4
57,1,0,gamma,4,19.997881,24.139494,0
57,1,0,gamma,5,21.379913,26.934496,-4
57,1,0,gamma,6,32.785012,50,-37.009652
57,1,0,gamma,7,192.79329,373.59837,-500.11982
58,1,0,gamma,0,13.925465,11.008059,11.932803
58,1,0,gamma,1,10,13.176264,9.460239
58,1,0,gamma,2,6.698184,15,7.3804977
58,1,0,gamma,3,1.966319,17.613614,4.4
58,1,0,gamma,4,0,18.699698,3.1614589
58,1,0,gamma,5,-10,24.223131,-3.1373212
58,1,0,gamma,6,-50,46.316867,-28.332442
58,1,0,gamma,7,-500.11982,294.93757,-311.85302
59,1,0,gamma,0,19.897699,21.401788,10.265596
59,1,0,gamma,1,17.728491,19.071604,12.8
59,1,0,gamma,2,13.938163,15,17.228445
59,1,0,gamma,3,11.565976,12.451775,20
59,1,0,gamma,4,10.538891,11.34847,21.2
59,1,0,gamma,5,10,10.769589,21.829615
59,1,0,gamma,6,3.349291,3.6253369,29.6
59,1,0,gamma,7,-0.025598397,0,33.543067
59,1,0,gamma,8,-14.111166,-15.130844,50
59,1,0,gamma,9,-399.37085,-428.9803,500.11982
60,1,0,gamma,0,11.370658,22.360057,19.620365
60,1,0,gamma,1,10,22.654589,18.07939
60,1,0,gamma,2,5.304116,23.663656,12.8
60,1,0,gamma,3,0,24.803422,6.8367993
60,1,0,gamma,4,-2.1674713,25.269176,4.4
60,1,0,gamma,5,-9.6390585,26.874695,-4
60,1,0,gamma,6,-50,35.547589,-49.376156
60,1,0,gamma,7,-450.92507,121.69971,-500.11982
61,1,0,gamma,0,0.21432512,21.603643,8.7081422
61,1,0,gamma,1,10,19.211829,5.255217
61,1,0,gamma,2,12.423706,18.619427,4.4
61,1,0,gamma,3,24.893414,15.571582,0
61,1,0,gamma,4,27.231939,15,-0.82516035
61,1,0,gamma,5,30,14.323431,-1.8018849
61,1,0,gamma,6,36.229512,12.800814,-4
61,1,0,gamma,7,50,9.4350323,-8.8589868
61,1,0,gamma,8,500.11982,-100.58322,-167.68606
62,1,0,gamma,0,12.628737,11.875364,15.203847
62,1,0,gamma,1,12.638818,13.092704,12.8
62,1,0,gamma,2,12.654613,15,9.0337189
62,1,0,gamma,3,12.674047,17.346578,4.4
62,1,0,gamma,4,12.6925,19.574797,8.8817842e-16
62,1,0,gamma,5,12.709275,21.600451,-4
62,1,0,gamma,6,12.902193,44.895472,-50
62,1,0,gamma,7,14.789941,272.84222,-500.11982
63,1,0,gamma,0,2.0952723,15.37948,14.020705
63,1,0,gamma,1,0,29.743072,15.958938
63,1,0,gamma,2,-0.037479137,30,15.993608
63,1,0,gamma,3,-2.2255867,45,18.017718
63,1,0,gamma,4,-2.9549559,50,18.692422
63,1,0,gamma,5,-4.4136943,60,20.041829
63,1,0,gamma,6,-5.6657031,68.582819,21.2
63,1,0,gamma,7,-6.6018019,75,22.065939
63,1,0,gamma,8,-8.7899095,90,24.090049
63,1,0,gamma,9,-10,98.29546,25.209444
63,1,0,gamma,10,-68.615661,500.11982,79.431894
64,1,0,gamma,0,11.058475,18.430721,19.819216
64,1,0,gamma,1,15.480237,18.996562,12.8
64,1,0,gamma,2,20.771826,19.673711,4.4
64,1,0,gamma,3,23.543611,20.028409,0
64,1,0,gamma,4,26.063415,20.350861,-4
64,1,0,gamma,5,50,23.413958,-41.997529
64,1,0,gamma,6,338.59463,60.3446,-500.11982
65,1,0,gamma,0,2.2032784,24.982637,6.2073146
65,1,0,gamma,1,8.7737266,15.598279,12.8
65,1,0,gamma,2,9.1926109,15,13.220302
65,1,0,gamma,3,10,13.846832,14.030424
65,1,0,gamma,4,15.949441,5.349439,20
65,1,0,gamma,5,17.145393,3.641299,21.2
65,1,0,gamma,6,19.694845,7.1054274e-15,23.75808
65,1,0,gamma,7,45.848251,-37.35406,50
65,1,0,gamma,8,369.8532,-500.11982,375.10152
66,1,0,gamma,0,18.024928,25.950956,10.432026
66,1,0,gamma,1,10,28.651756,9.5286603
66,1,0,gamma,2,5.993943,30,9.0776988
66,1,0,gamma,3,0,32.017269,8.4029613
66,1,0,gamma,4,-10,35.382782,7.2772623
66,1,0,gamma,5,-50,48.844833,2.7744664
66,1,0,gamma,6,-500.11982,200.33324,-47.895476
67,1,0,gamma,0,19.308119,21.405534,6.6260727
67,1,0,gamma,1,18.171641,20.547246,4.4
67,1,0,gamma,2,15.925305,18.850774,0
67,1,0,gamma,3,13.883182,17.308526,-4
67,1,0,gamma,4,-9.6012367,-0.42731827,-50
67,1,0,gamma,5,-239.40128,-173.97634,-500.11982
68,1,0,gamma,0,18.089839,24.773553,13.430408
68,1,0,gamma,1,10,23.95003,16.783696
68,1,0,gamma,2,2.2406343,23.160148,20
68,1,0,gamma,3,-0.65437739,22.865444,21.2
68,1,0,gamma,4,-10,21.914086,25.073818
68,1,0,gamma,5,-50,17.842197,41.654062
68,1,0,gamma,6,-500.11982,-27.978749,228.23147
69,1,0,gamma,0,14.181196,13.248271,16.07715
69,1,0,gamma,1,10.745149,11.415851,12.8
69,1,0,gamma,2,10,11.018468,12.08931
69,1,0,gamma,3,1.937861,6.7189861,4.4
69,1,0,gamma,4,-2.220446e-16,5.6855385,2.5517543
69,1,0,gamma,5,-6.8694269,2.0221216,-4
69,1,0,gamma,6,-50,-20.979109,-45.136025
69,1,0,gamma,7,-500.11982,-261.02483,-474.44031
70,1,0,gamma,0,13.612133,19.465186,19.309483
70,1,0,gamma,1,12.144955,15,14.471965
70,1,0,gamma,2,11.637862,13.456722,12.8
70,1,0,gamma,3,10,8.4720795,7.3997117
70,1,0,gamma,4,9.0902126,5.7032478,4.4
70,1,0,gamma,5,7.7557296,1.6419045,8.8817842e-16
70,1,0,gamma,6,7.2162298,3.5527137e-15,-1.7788153
70,1,0,gamma,7,-7.4088505,-44.509725,-50
70,1,0,gamma,8,-143.92641,-459.98498,-500.11982
71,1,0,gamma,0,18.22371,14.655116,8.0499204
71,1,0,gamma,1,17.871198,15,8.1288471
71,1,0,gamma,2,10,22.700885,9.8911932
71,1,0,gamma,3,2.5394579,30,11.561594
71,1,0,gamma,4,0,32.484511,12.130174
71,1,0,gamma,5,-2.991655,35.411434,12.8
71,1,0,gamma,6,-10,42.268136,14.369155
71,1,0,gamma,7,-17.902862,50,16.138591
71,1,0,gamma,8,-477.97752,500.11982,119.14843
72,1,0,gamma,0,1.7650292,18.082209,4.6607741
72,1,0,gamma,1,6.0641048,21.232347,12.8
72,1,0,gamma,2,9.8670885,24.018974,20
72,1,0,gamma,3,10,24.116365,20.251635
72,1,0,gamma,4,10.500919,24.483412,21.2
72,1,0,gamma,5,11.205921,25,22.534744
72,1,0,gamma,6,14.937734,27.734477,29.6
72,1,0,gamma,7,15.14901,27.88929,30
72,1,0,gamma,8,18.029552,30,35.453586
72,1,0,gamma,9,19.374548,30.985543,38
72,1,0,gamma,10,23.811362,34.236608,46.4
72,1,0,gamma,11,25.712854,35.629922,50
72,1,0,gamma,12,28.248177,37.487673,54.8
72,1,0,gamma,13,30,38.771318,58.11664
72,1,0,gamma,14,32.684991,40.738739,63.2
72,1,0,gamma,15,37.121805,43.989804,71.6
72,1,0,gamma,16,38.500446,45,74.210112
72,1,0,gamma,17,41.55862,47.24087,80
72,1,0,gamma,18,263.46262,209.84051,500.11982
73,1,0,gamma,0,0.94874704,19.732232,14.243008
73,1,0,gamma,1,7.5170303,21.621041,20
73,1,0,gamma,2,8.8861377,22.014749,21.2
73,1,0,gamma,3,10,22.335057,22.176282
73,1,0,gamma,4,18.46989,24.770702,29.6
73,1,0,gamma,5,28.053641,27.526655,38
73,1,0,gamma,6,30,28.08636,39.705951
73,1,0,gamma,7,36.65463,30,45.538624
73,1,0,gamma,8,37.637393,30.282608,46.4
73,1,0,gamma,9,41.744715,31.463731,50
73,1,0,gamma,10,47.221145,33.038562,54.8
73,1,0,gamma,11,50,33.837663,57.23562
73,1,0,gamma,12,56.804897,35.794515,63.2
73,1,0,gamma,13,66.388649,38.550468,71.6
73,1,0,gamma,14,70,39.588967,74.76529
73,1,0,gamma,15,75.972401,41.306421,80
73,1,0,gamma,16,500.11982,163.27644,451.75819
74,1,0,gamma,0,3.811091,17.639794,17.491784
74,1,0,gamma,1,10,17.210568,14.714406
74,1,0,gamma,2,14.265924,16.914709,12.8
74,1,0,gamma,3,30,15.823486,5.7390657
74,1,0,gamma,4,32.983877,15.616542,4.4
74,1,0,gamma,5,41.873654,15,0.41056145
74,1,0,gamma,6,42.788519,14.93655,0
74,1,0,gamma,7,50,14.436405,-3.2362748
74,1,0,gamma,8,51.70183,14.318376,-4
74,1,0,gamma,9,500.11982,-16.781241,-205.2352
75,1,0,gamma,0,1.4986017,18.401118,15.016952
75,1,0,gamma,1,10,26.633971,13.337329
75,1,0,gamma,2,12.719689,29.267749,12.8
75,1,0,gamma,3,13.475825,30,12.65061
75,1,0,gamma,4,28.965106,45,9.5903908
75,1,0,gamma,5,30,46.002203,9.3859267
75,1,0,gamma,6,34.1282,50,8.5703177
75,1,0,gamma,7,44.28364,59.834646,6.5639061
75,1,0,gamma,8,44.454388,60,6.5301715
75,1,0,gamma,9,50,65.370435,5.4345242
75,1,0,gamma,10,50.369305,65.728074,5.3615606
75,1,0,gamma,11,55.236238,70.441269,4.4
75,1,0,gamma,12,59.943669,75,3.4699522
75,1,0,gamma,13,70,84.738667,1.4831216
75,1,0,gamma,14,75.432951,90,0.40973284
75,1,0,gamma,15,77.506811,92.00835,0
75,1,0,gamma,16,90,104.1069,-2.468281
75,1,0,gamma,17,90.922232,105,-2.6504865
75,1,0,gamma,18,97.752787,111.61479,-4
75,1,0,gamma,19,498.93037,500.11982,-83.260706
76,1,0,gamma,0,2.3268729,20.815863,3.6393799
76,1,0,gamma,1,10,28.386192,3.3166152
76,1,0,gamma,2,10.332633,28.714369,3.3026232
76,1,0,gamma,3,12.76491,28.235162,4.4
76,1,0,gamma,4,30,24.839509,12.175999
76,1,0,gamma,5,31.383064,24.567018,12.8
76,1,0,gamma,6,47.341483,21.422894,20
76,1,0,gamma,7,50,20.899114,21.19945
76,1,0,gamma,8,50.001219,20.898874,21.2
76,1,0,gamma,9,68.619373,17.230729,29.6
76,1,0,gamma,10,70,16.958719,30.222901
76,1,0,gamma,11,79.941738,15,34.70834
76,1,0,gamma,12,87.237528,13.562585,38
76,1,0,gamma,13,90,13.018324,39.246352
76,1,0,gamma,14,105.85568,9.8944412,46.4
76,1,0,gamma,15,110,9.0779288,48.269802
76,1,0,gamma,16,124.47384,6.2262971,54.8
76,1,0,gamma,17,130,5.1375338,57.293253
76,1,0,gamma,18,143.09199,2.558153,63.2
76,1,0,gamma,19,150,1.1971388,66.316704
76,1,0,gamma,20,156.07624,3.3306691e-15,69.058135
76,1,0,gamma,21,500.11982,-67.78338,224.28115
76,2,1,e-,0,10.332633,28.714369,3.3026232
76,2,1,e-,1,11.507455,30,3.20047
76,2,1,e-,2,13.258652,32.113994,3.3604507
76,2,1,e-,3,16.448819,37.142428,1.4021507
76,2,1,e-,4,16.573335,37.950502,1.3345454
76,2,1,e-,5,16.816495,38.964802,1.2442262
76,2,1,e-,6,18.200669,42.307859,0.15564661
76,2,1,e-,7,18.362185,42.379711,-2.7755576e-17
76,2,1,e-,8,21.744754,44.546335,-4
76,2,1,e-,9,30.135036,50,-13.95518
76,2,1,e-,10,75.796863,76.050828,-68.430003
76,2,1,e-,11,119.7689,105.74749,-124.36631
76,2,1,e-,12,150.02954,124.97722,-160.95139
76,2,1,e-,13,152.98876,126.88006,-164.56056
76,2,1,e-,14,167.85395,136.87729,-183.41307
76,2,1,e-,15,399.48517,272.93607,-475.60236
76,2,1,e-,16,417.7244,283.6465,-500.11982
76,11,2,e-,0,399.48517,272.93607,-475.60236
76,11,2,e-,1,399.48449,272.90915,-475.61585
76,10,2,e-,0,167.85395,136.87729,-183.41307
76,10,2,e-,1,167.7906,136.90526,-183.45696
76,9,2,e-,0,152.98876,126.88006,-164.56056
76,9,2,e-,1,153.0268,126.87628,-164.53433
76,8,2,e-,0,150.02954,124.97722,-160.95139
76,8,2,e-,1,150.0422,124.92785,-160.96989
76,7,2,e-,0,119.7689,105.74749,-124.36631
76,7,2,e-,1,119.75467,105.76541,-124.36875
76,6,2,e-,0,75.796863,76.050828,-68.430003
76,6,2,e-,1,75.817152,76.035783,-68.421953
76,5,2,gamma,0,16.816495,38.964802,1.2442262
76,5,2,gamma,1,18.388581,45,0.79617657
76,5,2,gamma,2,19.691012,50,0.42497949
76,5,2,gamma,3,21.182151,55.724445,5.5511151e-17
76,5,2,gamma,4,22.295874,60,-0.31741468
76,5,2,gamma,5,24.249521,67.5,-0.8742103
76,5,2,gamma,6,24.905567,70.018547,-1.0611858
76,5,2,gamma,7,24.909511,70.033688,-1.0623098
76,5,2,gamma,8,26.203167,75,-1.4310059
76,5,2,gamma,9,27.257528,79.047666,-1.7315023
76,5,2,gamma,10,27.332434,79.335229,-1.7528508
76,5,2,gamma,11,28.156814,82.5,-1.9878015
76,5,2,gamma,12,30,89.575947,-2.5131157
76,5,2,gamma,13,30.11046,90,-2.5445972
76,5,2,gamma,14,34.017753,105,-3.6581884
76,5,2,gamma,15,35.217078,109.60418,-4
76,5,2,gamma,16,136.94101,500.11982,-32.991653
76,4,2,e-,0,16.573335,37.950502,1.3345454
76,4,2,e-,1,16.253049,38.46719,1.0202018
76,4,2,e-,2,16.308,38.456412,0.99853966
76,3,2,e-,0,13.258652,32.113994,3.3604507
76,3,2,e-,1,13.326802,32.654125,3.5295403
76,3,2,e-,2,13.432741,33.112281,3.6329043
76,3,2,e-,3,13.481378,33.527414,3.897942
76,3,2,e-,4,13.429799,33.942698,4.0700769
76,3,2,e-,5,13.361177,34.405349,4.174355
76,3,2,e-,6,13.28552,34.772927,4.151491
76,3,2,e-,7,13.064523,35.063957,4.0122628
76,3,2,e-,8,12.885002,35.393517,4.0415039
76,3,2,e-,9,12.750777,35.800741,4.0569782
76,3,2,e-,10,12.40219,35.945809,4.1143847
76,3,2,e-,11,12.317718,35.794359,4.3547215
76,3,2,e-,12,12.337922,35.764085,4.4
76,3,2,e-,13,12.336418,35.767311,4.4157841
76,3,2,e-,14,12.335481,35.768996,4.4296461
76,3,2,e-,15,12.333507,35.767142,4.4466725
76,3,2,e-,16,12.324227,35.75915,4.4732271
76,3,2,e-,17,12.298693,35.738145,4.4968053
76,3,2,e-,18,12.270324,35.697463,4.4919974
76,3,2,e-,19,12.241391,35.664075,4.5003763
76,3,2,e-,20,12.181697,35.655104,4.5190904
76,3,2,e-,21,12.149031,35.655688,4.5361196
77,1,0,gamma,0,17.590273,21.518727,16.330973
77,1,0,gamma,1,10,29.136728,14.040698
77,1,0,gamma,2,9.1398702,30,13.781164
77,1,0,gamma,3,5.888163,33.263586,12.8
77,1,0,gamma,4,-8.8817842e-16,39.173259,11.023317
77,1,0,gamma,5,-5.8055327,45,9.271566
77,1,0,gamma,6,-10,49.20979,8.0059352
77,1,0,gamma,7,-10.787334,50,7.7683666
77,1,0,gamma,8,-459.2688,500.11982,-127.5556
78,1,0,gamma,0,7.1385036,26.594954,3.0488549
78,1,0,gamma,1,4.144771,25.650875,4.4
78,1,0,gamma,2,0,24.343815,6.270637
78,1,0,gamma,3,-10,21.190297,10.783883
78,1,0,gamma,4,-50,8.5762274,28.836866
78,1,0,gamma,5,-500.11982,-133.36984,231.987
79,1,0,gamma,0,16.810477,26.053191,14.120229
79,1,0,gamma,1,14.227585,28.001315,12.8
79,1,0,gamma,2,11.577657,30,11.445506
79,1,0,gamma,3,10,31.189934,10.639096
79,1,0,gamma,4,0,38.732348,5.5276584
79,1,0,gamma,5,-2.206147,40.396315,4.4
79,1,0,gamma,6,-8.3098756,45,1.2801169
79,1,0,gamma,7,-10,46.274762,0.41622034
79,1,0,gamma,8,-14.939053,50,-2.1083461
79,1,0,gamma,9,-500.11982,415.94341,-250.10549
80,1,0,gamma,0,12.903628,29.569016,9.9463932
80,1,0,gamma,1,16.617398,24.652167,4.4
80,1,0,gamma,2,19.563563,20.75159,0
80,1,0,gamma,3,22.241895,17.205611,-4
80,1,0,gamma,4,50,-19.544754,-45.455814
80,1,0,gamma,5,354.43525,-422.60204,-500.11982
81,1,0,gamma,0,19.582252,18.600742,12.494497
81,1,0,gamma,1,18.717258,18.565995,12.8
81,1,0,gamma,2,10,18.215817,15.878805
81,1,0,gamma,3,0,17.814111,19.410656
81,1,0,gamma,4,-5.0663063,17.610595,21.2
81,1,0,gamma,5,-10,17.412405,22.942507
81,1,0,gamma,6,-50,15.805581,37.06991
81,1,0,gamma,7,-500.11982,-2.2760015,196.04551
82,1,0,gamma,0,15.969161,24.694788,3.4939969
82,1,0,gamma,1,15.239857,15,1.8188599
82,1,0,gamma,2,14.44798,4.4734218,0
82,1,0,gamma,3,14.11146,0,-0.77295084
82,1,0,gamma,4,10.350137,-50,-9.4123199
82,1,0,gamma,5,-23.51078,-500.11982,-87.187344
83,1,0,gamma,0,16.870158,19.242959,17.226882
83,1,0,gamma,1,10,21.217851,16.247357
83,1,0,gamma,2,3.5527137e-15,24.092446,14.821589
83,1,0,gamma,3,-10,26.96704,13.395822
83,1,0,gamma,4,-50,38.46542,7.6927513
83,1,0,gamma,5,-500.11982,167.85663,-56.483876
84,1,0,gamma,0,10.137546,24.755095,1.2039697
84,1,0,gamma,1,10,19.889936,3.6996599
84,1,0,gamma,2,9.961402,18.524676,4.4
84,1,0,gamma,3,9.861754,15,6.2080597
84,1,0,gamma,4,9.498451,2.1495103,12.8
84,1,0,gamma,5,9.4376811,7.1054274e-15,13.902638
84,1,0,gamma,6,8.0241045,-50,39.551234
84,1,0,gamma,7,-4.7014719,-500.11982,270.45006
85,1,0,gamma,0,19.752606,21.994731,9.0472562
85,1,0,gamma,1,18.434658,22.013999,9.1327854
85,1,0,gamma,2,16.365989,21.238947,12.8
85,1,0,gamma,3,12.304482,19.717255,20
85,1,0,gamma,4,11.627564,19.46364,21.2
85,1,0,gamma,5,10,18.853853,24.085249
85,1,0,gamma,6,6.8891386,17.688332,29.6
85,1,0,gamma,7,2.1507134,15.913024,38
85,1,0,gamma,8,-0.2862151,15,42.320043
85,1,0,gamma,9,-2.5877118,14.137717,46.4
85,1,0,gamma,10,-4.6184655,13.376871,50
85,1,0,gamma,11,-7.3261371,12.362409,54.8
85,1,0,gamma,12,-10,11.360614,59.540066
85,1,0,gamma,13,-258.53026,-81.75422,500.11982
85,2,1,e-,0,18.434658,22.013999,9.1327854
85,2,1,e-,1,13.378934,23.12822,9.1913384
85,2,1,e-,2,12.362654,23.233957,9.0807516
85,2,1,e-,3,10,23.488329,8.7403611
85,2,1,e-,4,4.6646391,22.314894,9.2645161
85,2,1,e-,5,2.2391525,21.503244,9.9289427
85,2,1,e-,6,2.1748924,21.46703,9.9284776
85,2,1,e-,7,0,20.240123,9.9268784
85,2,1,e-,8,0,20.240123,9.9268784
85,2,1,e-,9,0.25982655,20.156536,10.315747
85,2,1,e-,10,0.59988534,19.958764,10.650338
85,2,1,e-,11,0.58212378,19.763196,10.994523
85,2,1,e-,12,0.54381748,19.613155,11.436039
85,2,1,e-,13,0.67126081,19.554929,11.884474
85,2,1,e-,14,0.9331666,19.545249,12.255448
85,2,1,e-,15,1.2472299,19.595318,12.640516
85,2,1,e-,16,1.0341879,19.139447,12.622847
85,2,1,e-,17,1.2031691,18.794093,12.796674
85,2,1,e-,18,1.2079505,18.79053,12.8
85,2,1,e-,19,1.2354446,18.76336,12.833117
85,2,1,e-,20,1.2596892,18.731518,12.852159
85,2,1,e-,21,1.2744957,18.685302,12.873983
85,2,1,e-,22,1.2738925,18.643895,12.892463
85,2,1,e-,23,1.2606366,18.60137,12.907699
85,2,1,e-,24,1.2703354,18.572548,12.932069
85,2,1,e-,25,1.2672164,18.494791,12.968785
85,2,1,e-,26,1.2789239,18.429804,13.044499
85,2,1,e-,27,1.2605497,18.403268,13.191526
85,2,1,e-,28,1.2088172,18.34146,13.404358
85,2,1,e-,29,1.1036091,18.238697,13.491059
85,6,2,gamma,0,2.1748924,21.46703,9.9284776
85,6,2,gamma,1,0,20.308093,9.7722746
85,6,2,gamma,2,-9.9613036,15,9.0568439
85,6,2,gamma,3,-10,14.97938,9.0540647
85,6,2,gamma,4,-50,-6.3354712,6.1812251
85,6,2,gamma,5,-500.11982,-246.19139,-26.146826
85,5,2,gamma,0,2.2391525,21.503244,9.9289427
85,5,2,gamma,1,4.4408921e-16,20.604596,9.7492803
85,5,2,gamma,2,-10,16.591255,8.9469124
85,5,2,gamma,3,-50,0.53789053,5.7374408
85,5,2,gamma,4,-500.11982,-180.11054,-30.378728
85,4,2,gamma,0,12.362654,23.233957,9.0807516
85,4,2,gamma,1,10,23.994767,8.7473331
85,4,2,gamma,2,8.224272,24.566577,8.4967418
85,4,2,gamma,3,8.7176921,24.188429,8.9785028
85,8,4,e-,0,8.7176921,24.188429,8.9785028
85,8,4,e-,1,8.7180851,24.188147,8.9782364
85,8,4,e-,2,8.7203152,24.185914,8.9755656
85,7,4,e-,0,8.224272,24.566577,8.4967418
85,7,4,e-,1,8.2241369,24.566643,8.4966815
85,3,2,gamma,0,13.378934,23.12822,9.1913384
85,3,2,gamma,1,11.890962,23.253543,9.1908452
85,3,2,gamma,2,10,23.567331,9.0108214
85,3,2,gamma,3,4.2653618,24.518939,8.4648711
85,3,2,gamma,4,7.3102179,30,5.3331743
85,3,2,gamma,5,8.2175157,31.633231,4.4
85,3,2,gamma,6,9.8935448,34.65026,2.6761699
85,3,2,gamma,7,3.6592658,39.732586,4.4
85,3,2,gamma,8,8.8817842e-16,42.715702,5.4118175
85,3,2,gamma,9,-2.8020538,45,6.1866087
85,3,2,gamma,10,-8.9353471,50,7.8825155
85,3,2,gamma,11,-10,50.867929,8.1769009
85,3,2,gamma,12,-500.11982,450.42473,143.69912
85,11,3,e-,0,9.8935448,34.65026,2.6761699
85,11,3,e-,1,9.90261,34.653465,2.6706168
85,10,3,e-,0,4.2653618,24.518939,8.4648711
85,10,3,e-,1,4.1458326,24.499606,8.4758786
85,9,3,e-,0,11.890962,23.253543,9.1908452
85,9,3,e-,1,11.890949,23.253498,9.1908995
86,1,0,gamma,0,11.182838,25.009701,18.573435
86,1,0,gamma,1,12.384295,30,14.976431
86,1,0,gamma,2,13.111257,33.019469,12.8
86,1,0,gamma,3,15.916991,44.673198,4.4
86,1,0,gamma,4,15.995671,45,4.164441
86,1,0,gamma,5,17.199464,50,0.56044434
86,1,0,gamma,6,17.386661,50.777532,0
86,1,0,gamma,7,18.722724,56.326926,-4
86,1,0,gamma,8,125.5696,500.11982,-323.88562
87,1,0,gamma,0,12.616824,20.372692,19.644342
87,1,0,gamma,1,10.280508,16.893933,12.8
87,1,0,gamma,2,10,16.476259,11.97824
87,1,0,gamma,3,9.0085517,15,9.0737485
87,1,0,gamma,4,7.4131675,12.624484,4.4
87,1,0,gamma,5,5.9112273,10.388106,0
87,1,0,gamma,6,4.5458271,8.3550355,-4
87,1,0,gamma,7,-11.156275,-15.02528,-50
87,1,0,gamma,8,-164.80469,-243.80666,-500.11982
88,1,0,gamma,0,4.7263428,13.749762,15.755264
88,1,0,gamma,1,7.5003027,14.242757,12.8
88,1,0,gamma,2,10,14.68701,10.136924
88,1,0,gamma,3,11.761113,15,8.2607055
88,1,0,gamma,4,15.384966,15.644041,4.4
88,1,0,gamma,5,19.515028,16.378046,0
88,1,0,gamma,6,23.26963,17.045324,-4
88,1,0,gamma,7,50,21.795916,-32.477449
88,1,0,gamma,8,488.95271,99.807756,-500.11982
89,1,0,gamma,0,5.5485447,11.05981,9.4925077
89,1,0,gamma,1,2.3456298,15,11.851941
89,1,0,gamma,2,1.0586458,16.583233,12.8
89,1,0,gamma,3,0,17.885567,13.579853
89,1,0,gamma,4,-9.8476207,30,20.834121
89,1,0,gamma,5,-10,30.187455,20.946372
89,1,0,gamma,6,-26.105288,50,32.810362
89,1,0,gamma,7,-392.0002,500.11982,302.34752
90,1,0,gamma,0,19.915765,20.169735,8.7159467
90,1,0,gamma,1,16.950238,16.092902,4.4
90,1,0,gamma,2,16.15525,15,3.2429972
90,1,0,gamma,3,13.926956,11.936673,-4.4408921e-16
90,1,0,gamma,4,11.178518,8.158282,-4
90,1,0,gamma,5,-20.428514,-35.293209,-50
90,1,0,gamma,6,-329.71007,-460.47532,-500.11982
91,1,0,gamma,0,8.9121783,14.114535,1.9888865
91,1,0,gamma,1,9.1610262,15,3.8353863
91,1,0,gamma,2,9.2371177,15.270753,4.4
91,1,0,gamma,3,10,17.985287,10.060735
91,1,0,gamma,4,10.369164,19.298867,12.8
91,1,0,gamma,5,11.339489,22.751535,20
91,1,0,gamma,6,11.501209,23.32698,21.2
91,1,0,gamma,7,11.971389,25,24.688822
91,1,0,gamma,8,12.633255,27.355093,29.6
91,1,0,gamma,9,13.37657,30,35.11554
91,1,0,gamma,10,13.765301,31.383206,38
91,1,0,gamma,11,14.897347,35.411319,46.4
91,1,0,gamma,12,15,35.776585,47.161705
91,1,0,gamma,13,15.38251,37.137654,50
91,1,0,gamma,14,16.029393,39.439433,54.8
91,1,0,gamma,15,17.161439,43.467546,63.2
91,1,0,gamma,16,17.592114,45,66.395694
91,1,0,gamma,17,18.293485,47.495659,71.6
91,1,0,gamma,18,19.425531,51.523772,80
91,1,0,gamma,19,76.043972,252.98689,500.11982
92,1,0,gamma,0,12.367786,24.812513,18.439983
92,1,0,gamma,1,12.141877,22.594229,12.8
92,1,0,gamma,2,11.805417,19.290391,4.4
92,1,0,gamma,3,11.629175,17.559809,0
92,1,0,gamma,4,11.468956,15.986553,-4
92,1,0,gamma,5,9.6264325,-2.1058917,-50
92,1,0,gamma,6,-8.4030511,-179.14433,-500.11982
93,1,0,gamma,0,13.64988,22.983049,1.1807146
93,1,0,gamma,1,10.81655,15,1.5464609
93,1,0,gamma,2,10,12.699329,1.651867
93,1,0,gamma,3,5.492776,1.7763568e-15,2.2336914
93,1,0,gamma,4,-12.253138,-50,4.5244597
93,1,0,gamma,5,-172.00889,-500.11982,25.146864
94,1,0,gamma,0,7.3789476,10.462008,11.4686
94,1,0,gamma,1,9.9871022,10.364453,12.8
94,1,0,gamma,2,10,10.36397,12.806584
94,1,0,gamma,3,24.091584,9.836892,20
94,1,0,gamma,4,26.442331,9.7489652,21.2
94,1,0,gamma,5,30,9.615895,23.016105
94,1,0,gamma,6,42.89756,9.1334776,29.6
94,1,0,gamma,7,50,8.8678196,33.225626
94,1,0,gamma,8,59.352788,8.5179901,38
94,1,0,gamma,9,70,8.1197442,43.435147
94,1,0,gamma,10,75.808017,7.9025025,46.4
94,1,0,gamma,11,90,7.3716689,53.644667
94,1,0,gamma,12,92.263246,7.287015,54.8
94,1,0,gamma,13,108.71847,6.6715274,63.2
94,1,0,gamma,14,110,6.6235935,63.854188
94,1,0,gamma,15,125.1737,6.0560398,71.6
94,1,0,gamma,16,130,5.8755181,74.063709
94,1,0,gamma,17,141.62893,5.4405523,80
94,1,0,gamma,18,500.11982,-7.9683577,263.00101
95,1,0,gamma,0,7.7019757,17.683246,19.452605
95,1,0,gamma,1,7.466047,25.515406,12.8
95,1,0,gamma,2,7.3309573,30,8.9908044
95,1,0,gamma,3,7.1681485,35.404787,4.4
95,1,0,gamma,4,7.0121064,40.584939,8.8817842e-16
95,1,0,gamma,5,6.8791112,45,-3.7501346
95,1,0,gamma,6,6.87025,45.294168,-4
95,1,0,gamma,7,6.7284959,50,-7.9971143
95,1,0,gamma,8,-6.830495,500.11982,-390.32706
96,1,0,gamma,0,6.9533491,27.205981,3.7716972
96,1,0,gamma,1,8.1692461,26.21891,4.4
96,1,0,gamma,2,10,24.732694,5.3460241
96,1,0,gamma,3,21.988953,15,11.541198
96,1,0,gamma,4,24.424998,13.022406,12.8
96,1,0,gamma,5,30,8.4965909,15.680827
96,1,0,gamma,6,30.136326,8.3859205,15.751272
96,1,0,gamma,7,36.382651,2.3427831,18.115657
96,1,0,gamma,8,32.491744,6.2413404,12.8
96,1,0,gamma,9,30.496032,8.2409767,10.073509
96,1,0,gamma,10,33.422611,15,7.8908478
96,1,0,gamma,11,38.103248,25.81007,4.4
96,1,0,gamma,12,39.91744,30,3.0469644
96,1,0,gamma,13,44.002904,39.435501,4.4408921e-16
96,1,0,gamma,14,46.412268,45,-1.7969189
96,1,0,gamma,15,48.577211,50,-3.4115467
96,1,0,gamma,16,49.366227,51.822257,-4
96,1,0,gamma,17,243.47394,500.11982,-148.76674
96,4,1,e-,0,30.496032,8.2409767,10.073509
96,4,1,e-,1,30.489952,8.2395633,10.069989
96,3,1,e-,0,36.382651,2.3427831,18.115657
96,3,1,e-,1,37.3849,1.9939226,18.535025
96,3,1,e-,2,37.846747,2.0018926,18.984513
96,3,1,e-,3,38.318376,1.9572999,19.245571
96,3,1,e-,4,38.660223,2.1105536,19.49699
96,3,1,e-,5,38.849356,2.2893462,19.602693
96,3,1,e-,6,39.054202,2.4688815,19.506259
96,3,1,e-,7,39.121803,2.4891289,19.168883
96,3,1,e-,8,39.197501,2.1286111,19.002822
96,3,1,e-,9,39.181782,1.7436777,19.229479
96,3,1,e-,10,39.181432,1.7327175,19.22954
96,2,1,e-,0,30.136326,8.3859205,15.751272
96,2,1,e-,1,30.140166,8.389579,15.759272
96,2,1,e-,2,30.143364,8.385624,15.772963
96,5,2,gamma,0,30.140166,8.389579,15.759272
96,5,2,gamma,1,30,8.2708428,15.814175
96,5,2,gamma,2,28.629249,7.1096616,16.351094
96,6,5,e-,0,28.629249,7.1096616,16.351094
96,6,5,e-,1,28.629219,7.1096093,16.351298
96,6,5,e-,2,28.628235,7.109624,16.352976
97,1,0,gamma,0,12.943807,23.192539,0.99213169
97,1,0,gamma,1,12.096001,21.572473,4.4
97,1,0,gamma,2,10.006258,17.579197,12.8
97,1,0,gamma,3,10,17.567239,12.825154
97,1,0,gamma,4,8.6565238,15,18.225434
97,1,0,gamma,5,8.215049,14.156389,20
97,1,0,gamma,6,7.9165142,13.585921,21.2
97,1,0,gamma,7,5.8267707,9.592645,29.6
97,1,0,gamma,8,3.7370272,5.5993691,38
97,1,0,gamma,9,1.6472837,1.6060932,46.4
97,1,0,gamma,10,0.80679003,6.2172489e-15,49.778475
97,1,0,gamma,11,0.75167928,-0.10531073,50
97,1,0,gamma,12,-111.22867,-214.08777,500.11982
98,1,0,gamma,0,8.3276946,29.763905,8.6326818
98,1,0,gamma,1,9.7566022,27.9896,4.4
98,1,0,gamma,2,10,27.687368,3.6790118
98,1,0,gamma,3,11.241995,26.145158,4.4408921e-16
98,1,0,gamma,4,12.592351,24.468392,-4
98,1,0,gamma,5,28.121453,5.1855811,-50
98,1,0,gamma,6,180.07703,-183.50083,-500.11982
99,1,0,gamma,0,18.04735,21.447531,15.757152
99,1,0,gamma,1,10,20.006134,13.25938
99,1,0,gamma,2,8.5199643,19.741038,12.8
99,1,0,gamma,3,0,18.214988,10.155536
99,1,0,gamma,4,-10,16.423843,7.0516911
99,1,0,gamma,5,-50,9.2592608,-5.363687
99,1,0,gamma,6,-500.11982,-71.363748,-145.07388
100,1,0,gamma,0,14.651415,13.494471,3.9964648
100,1,0,gamma,1,14.556777,14.537789,4.4
100,1,0,gamma,2,14.51485,15,4.5787744
100,1,0,gamma,3,13.154216,30,10.380486
100,1,0,gamma,4,12.586784,36.255518,12.8
100,1,0,gamma,5,11.793582,45,16.182198
100,1,0,gamma,6,11.340037,50,18.116102
100,1,0,gamma,7,10.898219,54.870713,20
100,1,0,gamma,8,10.616792,57.973246,21.2
100,1,0,gamma,9,10.432947,60,21.983909
100,1,0,gamma,10,10,64.772926,23.829985
100,1,0,gamma,11,9.0723128,75,27.785621
100,1,0,gamma,12,8.6467993,79.690975,29.6
100,1,0,gamma,13,7.7116784,90,33.587333
100,1,0,gamma,14,6.6768068,101.4087,38
100,1,0,gamma,15,6.351044,105,39.389044
100,1,0,gamma,16,5,119.89427,45.149863
100,1,0,gamma,17,4.9904096,120,45.190756
100,1,0,gamma,18,4.7068142,123.12643,46.4
100,1,0,gamma,19,3.6297752,135,50.992468
100,1,0,gamma,20,2.7368217,144.84416,54.8
100,1,0,gamma,21,2.2691408,150,56.79418
100,1,0,gamma,22,-29.489863,500.11982,192.21379
101,1,0,gamma,0,9.9255897,14.869537,1.4167134
101,1,0,gamma,1,10,14.915366,1.5265214
101,1,0,gamma,2,10.137414,15,1.7293039
101,1,0,gamma,3,11.947185,16.114646,4.4
101,1,0,gamma,4,15.049593,18.025433,8.978253
101,1,0,gamma,5,19.712802,16.20812,4.4
101,1,0,gamma,6,22.812826,15,1.3564532
101,1,0,gamma,7,24.19445,14.461563,0
101,1,0,gamma,8,28.268675,12.873784,-4
101,1,0,gamma,9,50,4.4048013,-25.335419
101,1,0,gamma,10,500.11982,-171.0128,-467.25484
101,2,1,e-,0,15.049593,18.025433,8.978253
101,2,1,e-,1,17.378793,19.733744,12.195074
101,2,1,e-,2,18.044933,20.005013,12.8
101,2,1,e-,3,20.481343,20.581392,17.817637
101,2,1,e-,4,20.728794,20.449044,20
101,2,1,e-,5,20.98189,19.125127,21.2
101,2,1,e-,6,21.564853,16.093832,23.9234
101,2,1,e-,7,21.759998,15,24.92334
101,2,1,e-,8,22.62009,9.8841847,29.6
101,2,1,e-,9,24.138379,1.0170526,38
101,2,1,e-,10,24.294321,3.5527137e-15,38.956187
101,2,1,e-,11,26.024193,-11.739265,50
101,2,1,e-,12,34.048124,-55.692929,91.180682
101,2,1,e-,13,57.737441,-216.41409,249.67736
101,2,1,e-,14,59.109665,-223.21436,257.16699
101,2,1,e-,15,88.506343,-378.77948,411.92658
101,2,1,e-,16,99.16322,-447.2816,476.48833
101,2,1,e-,17,102.53483,-471.70699,500.11982
101,9,2,e-,0,99.16322,-447.2816,476.48833
101,9,2,e-,1,99.772678,-447.51631,476.23789
101,9,2,e-,2,99.793159,-447.5281,476.26332
101,8,2,e-,0,88.506343,-378.77948,411.92658
101,8,2,e-,1,88.549534,-378.74717,411.95608
101,7,2,e-,0,59.109665,-223.21436,257.16699
101,7,2,e-,1,59.06363,-223.24478,257.14877
101,6,2,e-,0,57.737441,-216.41409,249.67736
101,6,2,e-,1,57.765042,-216.40707,249.67955
101,5,2,e-,0,34.048124,-55.692929,91.180682
101,5,2,e-,1,33.557548,-55.705282,91.324641
101,4,2,e-,0,21.564853,16.093832,23.9234
101,4,2,e-,1,21.667214,15.983077,23.798369
101,3,2,e-,0,17.378793,19.733744,12.195074
101,3,2,e-,1,17.618043,19.956837,12.175378
101,3,2,e-,2,17.843614,20.168033,12.113451
101,3,2,e-,3,18.091658,20.454446,12.009505
101,3,2,e-,4,18.30319,20.606374,11.721349
101,3,2,e-,5,18.065666,20.959894,11.489001
101,3,2,e-,6,17.71643,21.459703,11.323992
101,3,2,e-,7,17.505254,21.625393,11.030683
101,3,2,e-,8,17.872951,21.078741,10.612178
101,3,2,e-,9,17.890624,21.035526,10.66936
101,10,3,gamma,0,17.505254,21.625393,11.030683
101,10,3,gamma,1,20.634463,19.313438,7.5255195
101,11,10,e-,0,20.634463,19.313438,7.5255195
101,11,10,e-,1,20.634775,19.313362,7.5254441
101,11,10,e-,2,20.637208,19.312671,7.5248289
102,1,0,gamma,0,15.109663,18.146012,1.6063075
102,1,0,gamma,1,15.205654,21.219454,4.4
102,1,0,gamma,2,15.479891,30,12.381329
102,1,0,gamma,3,15.494277,30.460595,12.8
102,1,0,gamma,4,15.582076,33.271756,15.355285
102,1,0,gamma,5,16.068538,33.379371,15.823715
102,1,0,gamma,6,22.279213,37.531898,20
102,1,0,gamma,7,23.044,38.043243,20.514271
102,1,0,gamma,8,22.569318,38.015929,21.2
102,1,0,gamma,9,16.75459,37.68134,29.6
102,1,0,gamma,10,16.477698,37.665407,30
102,1,0,gamma,11,15,37.580378,32.134694
102,1,0,gamma,12,10.939862,37.346751,38
102,1,0,gamma,13,10,37.29267,39.357731
102,1,0,gamma,14,5.1251336,37.012162,46.4
102,1,0,gamma,15,5,37.004961,46.580769
102,1,0,gamma,16,2.6331072,36.868767,50
102,1,0,gamma,17,-0.68959461,36.677573,54.8
102,1,0,gamma,18,-6.5043228,36.342984,63.2
102,1,0,gamma,19,-10,36.141837,68.249882
102,1,0,gamma,20,-308.95313,18.939581,500.11982
102,4,1,e-,0,23.044,38.043243,20.514271
102,4,1,e-,1,23.264479,38.132172,20.722497
102,4,1,e-,2,23.205663,38.044596,21.002044
102,4,1,e-,3,23.165529,37.992034,21.096951
102,4,1,e-,4,23.208076,37.968443,21.128063
102,4,1,e-,5,23.240328,37.93755,21.149742
102,4,1,e-,6,23.27433,37.91372,21.165874
102,4,1,e-,7,23.302824,37.900773,21.189208
102,4,1,e-,8,23.345384,37.921922,21.198381
102,4,1,e-,9,23.348845,37.926669,21.2
102,4,1,e-,10,23.356672,37.939951,21.203244
102,4,1,e-,11,23.361851,37.954207,21.205287
102,4,1,e-,12,23.364212,37.968315,21.206393
102,4,1,e-,13,23.372833,37.98483,21.211662
102,4,1,e-,14,23.382415,37.995561,21.220495
102,4,1,e-,15,23.394787,38.001635,21.232128
102,4,1,e-,16,23.402264,38.014247,21.242008
102,4,1,e-,17,23.407336,38.031961,21.260291
102,4,1,e-,18,23.404859,38.056723,21.286312
102,4,1,e-,19,23.40433,38.084202,21.329921
102,4,1,e-,20,23.391959,38.111908,21.375215
102,3,1,e-,0,16.068538,33.379371,15.823715
102,3,1,e-,1,16.081282,33.3423,15.861888
102,2,1,e-,0,15.582076,33.271756,15.355285
102,2,1,e-,1,15.648203,34.293062,16.212261
102,2,1,e-,2,15.685672,34.611727,16.499824
102,2,1,e-,3,15.706163,35.3249,17.259784
102,2,1,e-,4,15.866288,37.908754,19.922256
102,2,1,e-,5,15.870684,37.988742,20
102,2,1,e-,6,15.866104,39.236102,21.2
102,2,1,e-,7,15.932588,39.65322,21.714223
102,2,1,e-,8,16.078247,41.685997,23.193521
102,2,1,e-,9,15.860525,43.683167,25.928275
102,2,1,e-,10,15.816742,43.760864,26.038137
102,2,1,e-,11,14.930262,45,27.338146
102,2,1,e-,12,14.973398,45.026576,27.696622
102,2,1,e-,13,15.049605,45.131185,27.974921
102,2,1,e-,14,15.110893,45.244906,28.290483
102,2,1,e-,15,15.091354,45.425743,28.55628
102,2,1,e-,16,14.979693,45.594755,28.917609
102,2,1,e-,17,14.826694,45.30583,29.036855
102,2,1,e-,18,14.692291,45.195793,29.337776
102,2,1,e-,19,14.642695,45.178838,29.6
102,2,1,e-,20,14.685924,45.210619,29.735376
102,2,1,e-,21,14.726078,45.225002,29.868976
102,2,1,e-,22,14.744097,45.277223,29.990084
102,2,1,e-,23,14.8104,45.310244,30.128751
102,2,1,e-,24,14.826176,45.3152,30.262707
102,2,1,e-,25,14.824137,45.287739,30.397368
102,2,1,e-,26,14.793184,45.249935,30.540641
102,2,1,e-,27,14.809548,45.234723,30.647892
102,2,1,e-,28,14.8619,45.21973,30.75448
102,2,1,e-,29,14.916987,45.155765,30.870001
102,2,1,e-,30,14.992614,45.086775,30.953979
102,2,1,e-,31,15,45.08066,30.959075
102,2,1,e-,32,15.075777,45,31.025536
102,2,1,e-,33,23.011657,36.570783,38
102,2,1,e-,34,29.222638,30,42.753779
102,2,1,e-,35,30,29.129265,43.386102
102,2,1,e-,36,33.691912,25.105094,46.4
102,2,1,e-,37,37.692404,20.677851,50
102,2,1,e-,38,42.793525,15,54.510528
102,2,1,e-,39,43.084876,14.650559,54.8
102,2,1,e-,40,50,6.2812955,61.674263
102,2,1,e-,41,51.744221,3.7927662,63.2
102,2,1,e-,42,54.195779,3.1086245e-15,65.40234
102,2,1,e-,43,79.098231,-48.651619,102.78739
102,2,1,e-,44,181.35681,-233.6735,201.69346
102,2,1,e-,45,209.54814,-283.02115,240.34661
102,2,1,e-,46,230.22443,-326.71512,263.93165
102,2,1,e-,47,363.82295,-500.11982,326.34976
102,14,2,e-,0,230.22443,-326.71512,263.93165
102,14,2,e-,1,230.22492,-326.70703,263.95474
102,13,2,e-,0,181.35681,-233.6735,201.69346
102,13,2,e-,1,181.34022,-233.67059,201.71676
102,12,2,e-,0,79.098231,-48.651619,102.78739
102,12,2,e-,1,79.07538,-48.686344,102.76397
102,11,2,gamma,0,15.816742,43.760864,26.038137
102,11,2,gamma,1,15.783437,43.794244,26.09126
102,15,11,e-,0,15.783437,43.794244,26.09126
102,15,11,e-,1,15.783442,43.794227,26.091262
102,15,11,e-,2,15.78346,43.794127,26.091253
102,10,2,gamma,0,16.078247,41.685997,23.193521
102,10,2,gamma,1,16.626256,42.348178,21.2
102,10,2,gamma,2,16.956131,42.746778,20
102,10,2,gamma,3,18.820855,45,13.216593
102,10,2,gamma,4,18.935375,45.138378,12.8
102,10,2,gamma,5,21.244493,47.928579,4.4
102,10,2,gamma,6,22.454031,49.390112,8.8817842e-16
102,10,2,gamma,7,22.958764,50,-1.8360904
102,10,2,gamma,8,23.553612,50.718779,-4
102,10,2,gamma,9,159.93449,215.51325,-500.11982
102,9,2,e-,0,15.932588,39.65322,21.714223
102,9,2,e-,1,16.113321,39.525666,21.934055
102,9,2,e-,2,16.240907,39.491879,22.097716
102,8,2,gamma,0,15.866288,37.908754,19.922256
102,8,2,gamma,1,15.8703,37.977269,20
102,8,2,gamma,2,15.880149,38.145446,20.190831
102,8,2,gamma,3,15.892375,38.085642,20
102,8,2,gamma,4,16.35365,35.829217,12.8
102,8,2,gamma,5,16.432354,35.444217,11.571509
102,8,2,gamma,6,20.325375,33.598657,4.4
102,8,2,gamma,7,22.713895,32.466334,1.7763568e-15
102,8,2,gamma,8,24.885277,31.43695,-4
102,8,2,gamma,9,49.856169,19.599029,-50
102,8,2,gamma,10,294.20168,-96.237551,-500.11982
102,17,8,e-,0,16.432354,35.444217,11.571509
102,17,8,e-,1,16.432121,35.444166,11.571434
102,16,8,e-,0,15.880149,38.145446,20.190831
102,16,8,e-,1,15.886037,38.187464,20.287403
102,16,8,e-,2,15.873898,38.245978,20.436607
102,16,8,e-,3,15.897053,38.32099,20.631537
102,7,2,gamma,0,15.706163,35.3249,17.259784
102,7,2,gamma,1,16.651775,38.522516,20
102,7,2,gamma,2,16.849989,39.192782,20.574388
102,7,2,gamma,3,18.742789,42.390296,21.2
102,7,2,gamma,4,20.287629,45,21.710604
102,7,2,gamma,5,23.247428,50,22.688882
102,7,2,gamma,6,24.152495,51.528933,22.988026
102,7,2,gamma,7,22.822348,50,24.60143
102,7,2,gamma,8,22.121823,49.194785,25.451133
102,7,2,gamma,9,16.072924,45,24.106692
102,7,2,gamma,10,12.842476,42.759752,23.388685
102,7,2,gamma,11,14.57644,42.503495,21.2
102,7,2,gamma,12,15.527127,42.362995,20
102,7,2,gamma,13,15.786363,42.324683,19.672781
102,7,2,gamma,14,15.887735,43.774003,19.360172
102,23,7,e-,0,15.887735,43.774003,19.360172
102,23,7,e-,1,15.887269,43.774292,19.359809
102,23,7,e-,2,15.884456,43.776427,19.357116
102,22,7,e-,0,15.786363,42.324683,19.672781
102,22,7,e-,1,15.78639,42.324636,19.672753
102,21,7,e-,0,12.842476,42.759752,23.388685
102,21,7,e-,1,12.842329,42.7597,23.38874
102,20,7,e-,0,22.121823,49.194785,25.451133
102,20,7,e-,1,22.121831,49.194783,25.451158
102,19,7,e-,0,24.152495,51.528933,22.988026
102,19,7,e-,1,24.152765,51.529322,22.987925
102,18,7,e-,0,16.849989,39.192782,20.574388
102,18,7,e-,1,16.849982,39.19278,20.5744
102,6,2,e-,0,15.685672,34.611727,16.499824
102,6,2,e-,1,16.390602,35.079462,16.799976
102,6,2,e-,2,16.461728,35.085563,16.914685
102,5,2,gamma,0,15.648203,34.293062,16.212261
102,5,2,gamma,1,15.903336,37.835127,19.574662
102,5,2,gamma,2,15.864645,38.187965,20
102,5,2,gamma,3,15.755489,39.183422,21.2
102,5,2,gamma,4,15.117672,45,28.211751
102,5,2,gamma,5,14.991391,46.151618,29.6
102,5,2,gamma,6,14.569397,50,34.239136
102,5,2,gamma,7,14.227293,53.119814,38
102,5,2,gamma,8,13.472847,60,46.293906
102,5,2,gamma,9,13.463196,60.08801,46.4
102,5,2,gamma,10,12.699098,67.056206,54.8
102,5,2,gamma,11,12.326548,70.453681,58.895577
102,5,2,gamma,12,12.140535,72.150031,60.940488
102,5,2,gamma,13,11.935001,74.024403,63.2
102,5,2,gamma,14,11.828022,75,64.37606
102,5,2,gamma,15,11.792115,75.327453,64.770798
102,5,2,gamma,16,11.788316,75.362101,64.812564
102,5,2,gamma,17,11.170903,80.992599,71.6
102,5,2,gamma,18,10.406806,87.960795,80
102,5,2,gamma,19,-27.808971,436.47,500.11982
102,24,5,e-,0,15.903336,37.835127,19.574662
102,24,5,e-,1,15.907157,37.838618,19.572942
103,1,0,gamma,0,15.388784,11.834669,7.9291585
103,1,0,gamma,1,11.545616,13.685093,12.8
103,1,0,gamma,2,10,14.429283,14.758919
103,1,0,gamma,3,8.8146714,15,16.261208
103,1,0,gamma,4,5.8647079,16.420361,20
103,1,0,gamma,5,4.9178899,16.876239,21.2
103,1,0,gamma,6,-1.7098365,20.067384,29.6
103,1,0,gamma,7,-8.3375629,23.258529,38
103,1,0,gamma,8,-10,24.058966,40.106978
103,1,0,gamma,9,-17.805743,27.817308,50
103,1,0,gamma,10,-372.95705,198.81704,500.11982
104,1,0,gamma,0,7.5843997,29.481138,12.067101
104,1,0,gamma,1,8.2838705,28.189802,12.8
104,1,0,gamma,2,10,25.021552,14.598145
104,1,0,gamma,3,15.15547,15.503727,20
104,1,0,gamma,4,15.428321,15,20.285891
104,1,0,gamma,5,16.300736,13.389381,21.2
104,1,0,gamma,6,23.553291,0,28.799162
104,1,0,gamma,7,43.787133,-37.354921,50
104,1,0,gamma,8,294.45054,-500.11982,312.64287
105,1,0,gamma,0,15.035534,28.600222,10.824365
105,1,0,gamma,1,15.106459,16.970914,4.4
105,1,0,gamma,2,15.118479,15,3.3112104
105,1,0,gamma,3,15.155035,9.0060866,0
105,1,0,gamma,4,15.199195,1.7653345,-4
105,1,0,gamma,5,15.514902,-50,-32.596662
105,1,0,gamma,6,18.2601,-500.11982,-281.25581
106,1,0,gamma,0,4.3014965,27.76388,7.3075628
106,1,0,gamma,1,10,29.474029,10.572214
106,1,0,gamma,2,11.752622,30,11.576285
106,1,0,gamma,3,13.888638,30.641029,12.8
106,1,0,gamma,4,26.456358,34.412664,20
106,1,0,gamma,5,28.550978,35.04127,21.2
106,1,0,gamma,6,30,35.476128,22.030139
106,1,0,gamma,7,43.213319,39.441511,29.6
106,1,0,gamma,8,43.911526,39.651046,30
106,1,0,gamma,9,50,41.478227,33.488064
106,1,0,gamma,10,57.87566,43.841752,38
106,1,0,gamma,11,61.735138,45,40.211081
106,1,0,gamma,12,70,47.480326,44.945989
106,1,0,gamma,13,72.538001,48.241992,46.4
106,1,0,gamma,14,87.200342,52.642233,54.8
106,1,0,gamma,15,90,53.482425,56.403914
106,1,0,gamma,16,101.86268,57.042474,63.2
106,1,0,gamma,17,110,59.484523,67.861838
106,1,0,gamma,18,111.71765,60,68.845877
106,1,0,gamma,19,116.52502,61.442715,71.6
106,1,0,gamma,20,130,65.486622,79.319763
106,1,0,gamma,21,131.18736,65.842956,80
106,1,0,gamma,22,500.11982,176.56141,291.36002
107,1,0,gamma,0,5.0998361,27.12726,15.01902
107,1,0,gamma,1,10,18.642148,14.689823
107,1,0,gamma,2,12.103346,15,14.548518
107,1,0,gamma,3,20.765866,1.7763568e-15,13.966563
107,1,0,gamma,4,49.640936,-50,12.026711
107,1,0,gamma,5,309.58575,-500.11982,-5.4365977
108,1,0,gamma,0,12.161883,19.391258,19.744521
108,1,0,gamma,1,10,18.939705,15.935886
108,1,0,gamma,2,8.2199871,18.567914,12.8
108,1,0,gamma,3,3.4519221,17.572008,4.4
108,1,0,gamma,4,0.9543643,17.050343,0
108,1,0,gamma,5,-1.3161428,16.576102,-4
108,1,0,gamma,6,-27.426975,11.122331,-50
108,1,0,gamma,7,-282.92704,-42.24398,-500.11982
109,1,0,gamma,0,6.2781985,10.844324,11.523744
109,1,0,gamma,1,6.3001036,11.088946,11.940357
109,1,0,gamma,2,6.3271525,10.963302,12.8
109,1,0,gamma,3,6.5537022,9.9109568,20
109,1,0,gamma,4,6.5914605,9.735566,21.2
109,1,0,gamma,5,6.8557685,8.5078305,29.6
109,1,0,gamma,6,7.1200766,7.2800949,38
109,1,0,gamma,7,7.3843846,6.0523593,46.4
109,1,0,gamma,8,7.4976595,5.5261869,50
109,1,0,gamma,9,7.6486926,4.8246238,54.8
109,1,0,gamma,10,7.9130007,3.5968882,63.2
109,1,0,gamma,11,8.1773087,2.3691526,71.6
109,1,0,gamma,12,8.4416167,1.1414171,80
109,1,0,gamma,13,21.660788,-60.262873,500.11982
109,2,1,e-,0,6.3001036,11.088946,11.940357
109,2,1,e-,1,6.3491719,11.728079,12.8
109,2,1,e-,2,7.1510355,15,15.437775
109,2,1,e-,3,7.2047092,16.156479,16.360499
109,2,1,e-,4,9.3561724,20.561373,17.748921
109,2,1,e-,5,10,21.666825,18.536567
109,2,1,e-,6,11.78668,23.599486,19.777526
109,2,1,e-,7,11.777948,23.680725,20
109,2,1,e-,8,11.58821,24.060248,20.982919
109,2,1,e-,9,11.545654,24.140703,21.2
109,2,1,e-,10,11.090098,25,23.52109
109,2,1,e-,11,11.200349,25.304753,25.233505
109,2,1,e-,12,11.065481,25.800876,26.755687
109,2,1,e-,13,10.917217,27.102692,28.014045
109,2,1,e-,14,10.774299,28.192725,28.889846
109,2,1,e-,15,10.036893,28.913518,28.614535
109,2,1,e-,16,10.062849,28.7101,28.663772
109,5,2,e-,0,11.58821,24.060248,20.982919
109,5,2,e-,1,11.627229,24.138048,20.965855
109,4,2,gamma,0,11.78668,23.599486,19.777526
109,4,2,gamma,1,11.785496,23.604409,19.790424
109,6,4,e-,0,11.785496,23.604409,19.790424
109,6,4,e-,1,11.78549,23.604379,19.790452
109,6,4,e-,2,11.785467,23.604173,19.790687
109,3,2,e-,0,7.2047092,16.156479,16.360499
109,3,2,e-,1,7.3300254,16.429566,16.765547
109,3,2,e-,2,8.0481546,16.210221,17.230693
109,3,2,e-,3,8.223129,16.137606,17.463755
110,1,0,gamma,0,16.284155,24.854714,16.077923
110,1,0,gamma,1,14.150498,23.44,12.8
110,1,0,gamma,2,10,20.688028,6.4236183
110,1,0,gamma,3,8.6827916,19.814658,4.4
110,1,0,gamma,4,5.8187551,17.915669,0
110,1,0,gamma,5,3.2150855,16.189316,-4
110,1,0,gamma,6,-26.727115,-3.6637487,-50
110,1,0,gamma,7,-319.71794,-197.93022,-500.11982
111,1,0,gamma,0,15.405097,28.408529,10.285603
111,1,0,gamma,1,10,27.518178,10.928202
111,1,0,gamma,2,0,25.870936,12.117076
111,1,0,gamma,3,-5.7442864,24.924713,12.8
111,1,0,gamma,4,-10,24.223693,13.305951
111,1,0,gamma,5,-50,17.634724,18.06145
111,1,0,gamma,6,-500.11982,-56.51092,71.575056
112,1,0,gamma,0,19.478885,18.490836,7.1940835
112,1,0,gamma,1,19.283276,20.835996,12.8
112,1,0,gamma,2,19.032043,23.848019,20
112,1,0,gamma,3,18.990171,24.350022,21.2
112,1,0,gamma,4,18.935957,25,22.753719
112,1,0,gamma,5,18.697067,27.864049,29.6
112,1,0,gamma,6,18.68311,28.031384,30
112,1,0,gamma,7,18.518908,30,34.70582
112,1,0,gamma,8,18.403963,31.378076,38
112,1,0,gamma,9,18.110859,34.892102,46.4
112,1,0,gamma,10,17.985242,36.398114,50
112,1,0,gamma,11,17.817754,38.406129,54.8
112,1,0,gamma,12,17.52465,41.920156,63.2
112,1,0,gamma,13,17.267761,45,70.562121
112,1,0,gamma,14,17.231546,45.434182,71.6
112,1,0,gamma,15,16.938442,48.948209,80
112,1,0,gamma,16,2.2790481,224.69967,500.11982
113,1,0,gamma,0,0.58023362,20.408736,13.331807
113,1,0,gamma,1,1.0068834,20.856924,12.8
113,1,0,gamma,2,7.7459059,27.93615,4.4
113,1,0,gamma,3,9.7105742,30,1.9510968
113,1,0,gamma,4,10,30.304037,1.5903358
113,1,0,gamma,5,11.27587,31.644316,0
113,1,0,gamma,6,14.484928,35.015376,-4
113,1,0,gamma,7,28.749442,50,-21.780311
113,1,0,gamma,8,412.50429,453.1278,-500.11982
114,1,0,gamma,0,18.130035,25.674433,8.6948794
114,1,0,gamma,1,13.110916,15.974575,4.4
114,1,0,gamma,2,12.60663,15,3.9684802
114,1,0,gamma,3,10,9.9624747,1.7379772
114,1,0,gamma,4,7.9689501,6.0373046,0
114,1,0,gamma,5,4.8449922,0,-2.6731829
114,1,0,gamma,6,-21.027133,-50,-24.81206
114,1,0,gamma,7,-253.93826,-500.11982,-224.115
115,1,0,gamma,0,8.5615736,16.16038,19.120759
115,1,0,gamma,1,10,19.40965,15.142245
115,1,0,gamma,2,10.846836,21.322571,12.8
115,1,0,gamma,3,13.883844,28.182886,4.4
115,1,0,gamma,4,14.688266,30,2.1750651
115,1,0,gamma,5,15.474658,31.776385,0
115,1,0,gamma,6,16.920853,35.043202,-4
115,1,0,gamma,7,23.542112,50,-22.313606
115,1,0,gamma,8,196.2923,440.22634,-500.11982
116,1,0,gamma,0,11.538531,11.346187,5.2308863
116,1,0,gamma,1,10.459713,10.82095,12.8
116,1,0,gamma,2,10,10.597132,16.025403
116,1,0,gamma,3,9.4335051,10.321326,20
116,1,0,gamma,4,9.2624704,10.238056,21.2
116,1,0,gamma,5,8.0652277,9.6551619,29.6
116,1,0,gamma,6,6.867985,9.0722678,38
116,1,0,gamma,7,5.6707423,8.4893737,46.4
116,1,0,gamma,8,5.1576383,8.239562,50
116,1,0,gamma,9,4.4734996,7.9064797,54.8
116,1,0,gamma,10,3.2762568,7.3235856,63.2
116,1,0,gamma,11,2.0790141,6.7406916,71.6
116,1,0,gamma,12,0.88177142,6.1577975,80
116,1,0,gamma,13,-58.997441,-22.99522,500.11982
117,1,0,gamma,0,16.355434,17.988873,17.454114
117,1,0,gamma,1,15.158447,20.442046,12.8
117,1,0,gamma,2,12.998058,24.869667,4.4
117,1,0,gamma,3,11.866426,27.188896,0
117,1,0,gamma,4,10.83767,29.297287,-4
117,1,0,gamma,5,0.7361034,50,-43.276803
117,1,0,gamma,6,-116.75895,290.8009,-500.11982
118,1,0,gamma,0,10.556312,10.631687,13.453294
118,1,0,gamma,1,10,10.994868,12.964145
118,1,0,gamma,2,9.8133167,11.116741,12.8
118,1,0,gamma,3,8.5243309,11.958238,11.666632
118,3,1,e+,0,8.5243309,11.958238,11.666632
118,3,1,e+,1,4.9372637,13.319697,9.7233477
118,3,1,e+,2,2.0949737,13.976372,9.0215006
118,3,1,e+,3,0,13.746266,8.9650659
118,3,1,e+,4,-1.266968,0,7.2849191
118,3,1,e+,5,-5.0881959,-50,1.434874
118,3,1,e+,6,-13.69497,-130.20297,-9.5608386
118,3,1,e+,7,-21.845754,-263.55358,-44.090052
118,3,1,e+,8,-22.188942,-268.69814,-45.665092
118,3,1,e+,9,-24.396947,-295.66229,-53.536561
118,3,1,e+,10,-25.474941,-321.6399,-61.867225
118,3,1,e+,11,-24.953597,-351.13119,-71.070928
118,3,1,e+,12,-24.906458,-358.14469,-73.329393
118,3,1,e+,13,-26.221962,-500.11982,-119.00099
118,10,3,e-,0,-24.906458,-358.14469,-73.329393
118,10,3,e-,1,-24.832333,-358.13554,-73.370452
118,9,3,e-,0,-24.953597,-351.13119,-71.070928
118,9,3,e-,1,-24.742058,-351.1194,-71.129397
118,8,3,e-,0,-25.474941,-321.6399,-61.867225
118,8,3,e-,1,-25.48419,-321.69317,-61.733311
118,7,3,e-,0,-24.396947,-295.66229,-53.536561
118,7,3,e-,1,-24.401258,-295.67068,-53.511796
118,6,3,e-,0,-22.188942,-268.69814,-45.665092
118,6,3,e-,1,-22.353694,-268.62239,-46.005963
118,5,3,e-,0,-21.845754,-263.55358,-44.090052
118,5,3,e-,1,-21.979896,-263.54303,-44.122092
118,4,3,e-,0,-13.69497,-130.20297,-9.5608386
118,4,3,e-,1,-13.671487,-130.1623,-9.8963088
118,2,1,e-,0,8.5243309,11.958238,11.666632
118,2,1,e-,1,7.2038778,13.639381,9.321399
118,2,1,e-,2,6.7538232,15,7.5276002
118,2,1,e-,3,6.7336707,15.100249,7.1574323
118,2,1,e-,4,6.7890895,15.06203,6.8509237
118,2,1,e-,5,6.8781075,15.010024,6.4615363
118,2,1,e-,6,6.9639676,15,6.2464979
118,2,1,e-,7,6.9639676,15,6.2464979
118,2,1,e-,8,7.1673162,15.074345,6.1452795
118,2,1,e-,9,7.3269185,15.249325,6.1575295
118,2,1,e-,10,7.5261469,15.431129,6.2101921
118,2,1,e-,11,7.701631,15.59672,6.2491434
118,2,1,e-,12,7.9436219,15.798545,6.4191823
118,2,1,e-,13,7.7000214,16.113615,6.5536579
118,2,1,e-,14,7.2902278,16.309033,6.5441123
119,1,0,gamma,0,14.993732,27.262713,14.723942
119,1,0,gamma,1,10,25.524119,16.279978
119,1,0,gamma,2,0,22.042565,19.395956
119,1,0,gamma,3,-5.7896562,20.026865,21.2
119,1,0,gamma,4,-10,18.561012,22.511934
119,1,0,gamma,5,-50,4.6347973,34.975845
119,1,0,gamma,6,-500.11982,-152.07683,175.23218
120,1,0,gamma,0,17.775555,15.615315,14.507247
120,1,0,gamma,1,13.747249,15,18.701134
120,1,0,gamma,2,12.499664,14.809434,20
120,1,0,gamma,3,11.347041,14.633374,21.2
120,1,0,gamma,4,10,14.427616,22.602411
120,1,0,gamma,5,3.2786848,13.400949,29.6
120,1,0,gamma,6,-4.789672,12.168525,38
120,1,0,gamma,7,-10,11.372659,43.424494
120,1,0,gamma,8,-16.315896,10.407919,50
120,1,0,gamma,9,-448.66438,-55.632385,500.11982
121,1,0,gamma,0,16.203082,12.350162,8.2674436
121,1,0,gamma,1,13.655532,15,11.426912
121,1,0,gamma,2,12.54838,16.151605,12.8
121,1,0,gamma,3,10,18.802306,15.960497
121,1,0,gamma,4,6.7428579,22.190227,20
121,1,0,gamma,5,5.7752709,23.196664,21.2
121,1,0,gamma,6,-0.76544597,30,29.311788
121,1,0,gamma,7,-0.99783792,30.241723,29.6
121,1,0,gamma,8,-7.7709468,37.286782,38
121,1,0,gamma,9,-10,39.605334,40.764469
121,1,0,gamma,10,-17.446817,47.351151,50
121,1,0,gamma,11,-380.38854,424.8655,500.11982
122,1,0,gamma,0,1.1541841,23.496459,13.086473
122,1,0,gamma,1,10,20.751792,17.667016
122,1,0,gamma,2,14.505392,19.353866,20
122,1,0,gamma,3,16.822798,18.634825,21.2
122,1,0,gamma,4,28.537514,15,27.266118
122,1,0,gamma,5,30,14.546222,28.023423
122,1,0,gamma,6,33.044641,13.601535,29.6
122,1,0,gamma,7,49.266483,8.5682461,38
122,1,0,gamma,8,50,8.3406517,38.37983
122,1,0,gamma,9,65.488326,3.5349569,46.4
122,1,0,gamma,10,70,2.1350814,48.736236
122,1,0,gamma,11,76.881177,0,52.29945
122,1,0,gamma,12,500.11982,-131.32186,271.46102
123,1,0,gamma,0,9.3138703,16.144956,19.201514
123,1,0,gamma,1,2.9720143,16.911073,12.8
123,1,0,gamma,2,-4.4408921e-16,17.270101,9.8000278
123,1,0,gamma,3,-5.3497029,17.916363,4.4
123,1,0,gamma,4,-10,18.478133,-0.29404269
123,1,0,gamma,5,-50,23.310261,-40.670325
123,1,0,gamma,6,-500.11982,77.68617,-495.02444
124,1,0,gamma,0,5.6322853,19.842251,18.994342
124,1,0,gamma,1,10,22.921629,19.470431
124,1,0,gamma,2,14.858352,26.346921,20
124,1,0,gamma,3,20.039791,30,20.564786
124,1,0,gamma,4,25.867341,34.108607,21.2
124,1,0,gamma,5,30,37.022263,21.650467
124,1,0,gamma,6,41.31543,45,22.88387
124,1,0,gamma,7,48.407309,50,23.656898
124,1,0,gamma,8,50,51.122897,23.830504
124,1,0,gamma,9,55,54.648056,24.375513
124,1,0,gamma,10,62.591069,60,25.202954
124,1,0,gamma,11,70,65.223532,26.010541
124,1,0,gamma,12,83.866707,75,27.522037
124,1,0,gamma,13,90,79.324166,28.190578
124,1,0,gamma,14,102.93026,88.440412,29.6
124,1,0,gamma,15,105.14235,90,29.841121
124,1,0,gamma,16,110,93.4248,30.370614
124,1,0,gamma,17,126.41798,105,32.160205
124,1,0,gamma,18,130,107.52543,32.550651
124,1,0,gamma,19,147.69362,120,34.479288
124,1,0,gamma,20,150,121.62607,34.730688
124,1,0,gamma,21,168.96926,135,36.798372
124,1,0,gamma,22,170,135.7267,36.910725
124,1,0,gamma,23,179.99318,142.77222,38
124,1,0,gamma,24,190,149.82734,39.090761
124,1,0,gamma,25,500.11982,368.47165,72.894391
125,1,0,gamma,0,16.92956,27.161424,10.83379
125,1,0,gamma,1,19.93908,21.199134,12.8
125,1,0,gamma,2,23.06815,15,14.844315
125,1,0,gamma,3,30,1.2670129,19.373102
125,1,0,gamma,4,30.639536,0,19.790931
125,1,0,gamma,5,50,-38.355848,32.439706
125,1,0,gamma,6,283.07957,-500.11982,184.71762
126,1,0,gamma,0,12.751571,23.162251,0.92095673
126,1,0,gamma,1,15.424949,20.652441,4.4
126,1,0,gamma,2,21.445768,15,12.235289
126,1,0,gamma,3,21.879704,14.592613,12.8
126,1,0,gamma,4,27.412352,9.3984751,20
126,1,0,gamma,5,28.33446,8.5327854,21.2
126,1,0,gamma,6,30,6.96915,23.367477
126,1,0,gamma,7,34.789216,2.4729577,29.6
126,1,0,gamma,8,37.42334,0,33.02796
126,1,0,gamma,9,50,-11.80717,49.394799
126,1,0,gamma,10,396.3476,-336.96383,500.11982
127,1,0,gamma,0,1.7625297,25.125907,7.5773657
127,1,0,gamma,1,6.1592844,24.517922,4.4
127,1,0,gamma,2,10,23.986825,1.6244625
127,1,0,gamma,3,12.247888,23.675986,0
127,1,0,gamma,4,17.782983,22.91059,-4
127,1,0,gamma,5,50,18.455602,-27.282
127,1,0,gamma,6,500.11982,-43.78723,-352.56629
128,1,0,gamma,0,9.9955294,27.71337,16.364267
128,1,0,gamma,1,6.341256,28.769246,12.8
128,1,0,gamma,2,2.0817468,30,8.6454041
128,1,0,gamma,3,0,30.601506,6.6149314
128,1,0,gamma,4,-2.2708636,31.257655,4.4
128,1,0,gamma,5,-10,33.490933,-3.138765
128,1,0,gamma,6,-50,45.048641,-42.153551
128,1,0,gamma,7,-500.11982,175.10748,-481.18676
129,1,0,gamma,0,7.1210964,13.125231,3.3329572
129,1,0,gamma,1,7.206744,14.761804,4.4
129,1,0,gamma,2,7.2192097,15,4.5553032
129,1,0,gamma,3,7.8809816,27.645278,12.8
129,1,0,gamma,4,8.0042125,30,14.335274
129,1,0,gamma,5,8.4588996,38.688256,20
129,1,0,gamma,6,8.5552193,40.528752,21.2
129,1,0,gamma,7,8.7892154,45,24.115245
129,1,0,gamma,8,9.050883,50,27.375235
129,1,0,gamma,9,9.2294569,53.412226,29.6
129,1,0,gamma,10,9.5742183,60,33.895216
129,1,0,gamma,11,9.6939472,62.287806,35.386861
129,1,0,gamma,12,10,62.562728,35.815421
129,1,0,gamma,13,11.5601,63.964143,38
129,1,0,gamma,14,15,67.054153,42.816828
129,1,0,gamma,15,17.558894,69.352769,46.4
129,1,0,gamma,16,23.557688,74.741395,54.8
129,1,0,gamma,17,23.772278,74.934158,55.100487
129,1,0,gamma,18,23.845576,75,55.203124
129,1,0,gamma,19,23.948259,75.092239,55.34691
129,1,0,gamma,20,29.556482,80.130021,63.2
129,1,0,gamma,21,30,80.528426,63.821051
129,1,0,gamma,22,35.555275,85.518646,71.6
129,1,0,gamma,23,40.544064,90,78.585709
129,1,0,gamma,24,41.554069,90.907272,80
129,1,0,gamma,25,341.57932,360.41543,500.11982
129,2,1,e-,0,9.6939472,62.287806,35.386861
129,2,1,e-,1,9.4736455,62.711693,35.571411
129,2,1,e-,2,9.2641395,63.199246,35.597479
129,2,1,e-,3,8.9611679,63.645202,35.666118
129,2,1,e-,4,8.7085341,64.227824,35.521707
129,2,1,e-,5,8.8306691,64.651179,34.854065
129,2,1,e-,6,8.8860792,65.191564,34.617123
129,2,1,e-,7,8.4349748,65.502455,34.083251
129,2,1,e-,8,7.9821885,65.458307,34.196075
129,2,1,e-,9,7.9358056,65.464968,34.174354
130,1,0,gamma,0,6.0868496,13.156251,16.152265
130,1,0,gamma,1,5.3290911,15,15.978717
130,1,0,gamma,2,0,27.966538,14.758205
130,1,0,gamma,3,-0.83572825,30,14.5668
130,1,0,gamma,4,-7.0005476,45,13.154883
130,1,0,gamma,5,-8.5500653,48.770227,12.8
130,1,0,gamma,6,-9.0554874,50,12.684244
130,1,0,gamma,7,-10,52.298151,12.467924
130,1,0,gamma,8,-194.04931,500.11982,-29.684538
131,1,0,gamma,0,18.787259,19.15395,14.69769
131,1,0,gamma,1,10,23.711798,13.048359
131,1,0,gamma,2,8.676798,24.398128,12.8
131,1,0,gamma,3,0,28.898681,11.171403
131,1,0,gamma,4,-2.1232774,30,10.772873
131,1,0,gamma,5,-10,34.085564,9.2944461
131,1,0,gamma,6,-40.682083,50,3.5355523
131,1,0,gamma,7,-500.11982,288.30496,-82.698916
132,1,0,gamma,0,6.7329485,23.74982,18.675553
132,1,0,gamma,1,8.3881535,24.732743,12.8
132,1,0,gamma,2,10,25.689918,7.0783579
132,1,0,gamma,3,10.754521,26.137981,4.4
132,1,0,gamma,4,11.994048,26.874058,0
132,1,0,gamma,5,13.120889,27.543219,-4
132,1,0,gamma,6,26.079571,35.238572,-50
132,1,0,gamma,7,152.88304,110.53924,-500.11982
133,1,0,gamma,0,16.878008,13.756733,6.2966734
133,1,0,gamma,1,13.703301,12.282964,12.8
133,1,0,gamma,2,10.188501,10.651317,20
133,1,0,gamma,3,10,10.56381,20.386141
133,1,0,gamma,4,9.602701,10.379375,21.2
133,1,0,gamma,5,5.5021011,8.4757865,29.6
133,1,0,gamma,6,1.4015012,6.5721976,38
133,1,0,gamma,7,-2.6990986,4.6686087,46.4
133,1,0,gamma,8,-4.4564986,3.8527849,50
133,1,0,gamma,9,-6.7996985,2.7650198,54.8
133,1,0,gamma,10,-10,1.2793693,61.355756
133,1,0,gamma,11,-224.18998,-98.152344,500.11982
134,1,0,gamma,0,5.2058895,28.764483,10.44759
134,1,0,gamma,1,7.3835732,26.311818,12.8
134,1,0,gamma,2,10,23.36501,15.626356
134,1,0,gamma,3,14.04879,18.80497,20
134,1,0,gamma,4,15.159659,17.553829,21.2
134,1,0,gamma,5,17.427165,15,23.649439
134,1,0,gamma,6,22.935745,8.7958388,29.6
134,1,0,gamma,7,30,0.83956446,37.231055
134,1,0,gamma,8,30.711831,0.037848951,38
134,1,0,gamma,9,30.745437,4.4408921e-16,38.036302
134,1,0,gamma,10,41.820525,-12.473565,50
134,1,0,gamma,11,458.50747,-481.77651,500.11982
135,1,0,gamma,0,19.825457,19.456436,11.779026
135,1,0,gamma,1,19.981254,19.153049,4.4
135,1,0,gamma,2,20.074153,18.972144,0
135,1,0,gamma,3,20.158607,18.807684,-4
135,1,0,gamma,4,21.129826,16.916403,-50
135,1,0,gamma,5,30.633418,-1.5901896,-500.11982
136,1,0,gamma,0,4.9031883,11.707299,7.7079225
136,1,0,gamma,1,10,13.270102,5.2952638
136,1,0,gamma,2,11.891271,13.85001,4.4
136,1,0,gamma,3,15.641764,15,2.6246433
136,1,0,gamma,4,21.186399,16.700116,0
136,1,0,gamma,5,29.636515,19.291122,-4
136,1,0,gamma,6,50,25.535048,-13.639387
136,1,0,gamma,7,500.11982,163.55242,-226.71092
137,1,0,gamma,0,16.248014,27.756217,10.896339
137,1,0,gamma,1,10.315819,26.260643,12.8
137,1,0,gamma,2,10,26.181022,12.901347
137,1,0,gamma,3,0,23.659908,16.11038
137,1,0,gamma,4,-10,21.138795,19.319412
137,1,0,gamma,5,-50,11.054341,32.155543
137,1,0,gamma,6,-500.11982,-102.42597,176.60046
138,1,0,gamma,0,16.381353,14.593962,4.5179309
138,1,0,gamma,1,16.661469,15,4.6354635
138,1,0,gamma,2,27.009591,30,8.9773932
138,1,0,gamma,3,30,34.334712,10.232128
138,1,0,gamma,4,36.120011,43.205903,12.8
138,1,0,gamma,5,37.357713,45,13.319323
138,1,0,gamma,6,40.807087,50,14.766633
138,1,0,gamma,7,45.986125,57.507213,16.939686
138,1,0,gamma,8,46.157794,57.756055,17.011716
138,1,0,gamma,9,47.705836,60,17.661252
138,1,0,gamma,10,50,63.325479,18.623852
138,1,0,gamma,11,51.240514,65.123652,19.144355
138,1,0,gamma,12,53.279773,68.079636,20
138,1,0,gamma,13,55,70.573171,20.721783
138,1,0,gamma,14,56.139734,72.225259,21.2
138,1,0,gamma,15,58.053958,75,22.003182
138,1,0,gamma,16,68.40208,90,26.345112
138,1,0,gamma,17,70,92.316246,27.015577
138,1,0,gamma,18,76.159457,101.24461,29.6
138,1,0,gamma,19,78.750203,105,30.687041
138,1,0,gamma,20,89.098325,120,35.028971
138,1,0,gamma,21,90,121.30701,35.407301
138,1,0,gamma,22,96.179179,130.26397,38
138,1,0,gamma,23,99.446447,135,39.370901
138,1,0,gamma,24,109.79457,150,43.71283
138,1,0,gamma,25,351.33342,500.11982,145.0592
139,1,0,gamma,0,17.545797,16.776513,4.2842256
139,1,0,gamma,1,17.004025,16.804691,4.4
139,1,0,gamma,2,10,17.168983,5.8967298
139,1,0,gamma,3,0,17.689101,8.0336866
139,1,0,gamma,4,-10,18.209219,10.170643
139,1,0,gamma,5,-50,20.28969,18.718471
139,1,0,gamma,6,-500.11982,43.701228,114.90713
140,1,0,gamma,0,12.850901,28.610666,14.210557
140,1,0,gamma,1,17.85111,15,16.156669
140,1,0,gamma,2,23.361724,-1.7763568e-15,18.301434
140,1,0,gamma,3,41.730438,-50,25.450652
140,1,0,gamma,4,207.09288,-500.11982,89.81074
141,1,0,gamma,0,5.9270385,11.082113,11.970349
141,1,0,gamma,1,9.186271,13.777219,12.8
141,1,0,gamma,2,10,14.450103,13.007138
141,1,0,gamma,3,10.664998,15,13.176416
141,1,0,gamma,4,25.113697,26.947837,16.854391
141,1,0,gamma,5,21.809456,30,14.175147
141,1,0,gamma,6,20.113523,31.566552,12.8
141,1,0,gamma,7,10,40.908523,4.5994518
141,1,0,gamma,8,9.7540213,41.135736,4.4
141,1,0,gamma,9,5.5706081,45,1.0078801
141,1,0,gamma,10,4.3276158,46.148165,0
141,1,0,gamma,11,0.15765872,50,-3.381209
141,1,0,gamma,12,-0.60548015,50.70492,-4
141,1,0,gamma,13,-487.1375,500.11982,-398.5044
141,2,1,e-,0,25.113697,26.947837,16.854391
141,2,1,e-,1,27.369592,28.627572,17.127565
141,2,1,e-,2,29.51477,30,17.83151
141,2,1,e-,3,30,30.236297,17.904114
141,2,1,e-,4,36.04541,31.909905,18.681029
141,2,1,e-,5,40.996404,32.339846,19.250442
141,2,1,e-,6,41.221641,32.389179,19.409684
141,2,1,e-,7,42.009288,32.642403,20
141,2,1,e-,8,43.210319,32.863874,21.2
141,2,1,e-,9,43.423623,33.860855,23.347244
141,2,1,e-,10,43.838241,34.087214,25.486748
141,2,1,e-,11,43.834882,34.311298,27.325884
141,2,1,e-,12,43.434266,33.376695,27.368724
141,2,1,e-,13,43.804308,33.473944,27.489226
141,2,1,e-,14,43.792051,33.47809,27.491164
141,5,2,gamma,0,41.221641,32.389179,19.409684
141,5,2,gamma,1,41.990084,32.708429,20
141,5,2,gamma,2,43.552184,33.357403,21.2
141,5,2,gamma,3,50,36.036147,26.153194
141,5,2,gamma,4,50.376907,36.192733,26.442733
141,5,2,gamma,5,50.79905,37.429421,26.222745
141,5,2,gamma,6,50,38.020306,25.99854
141,5,2,gamma,7,40.561411,45,23.350179
141,5,2,gamma,8,33.940667,49.89594,21.492474
141,8,5,e-,0,33.940667,49.89594,21.492474
141,8,5,e-,1,33.940962,49.896374,21.491151
141,8,5,e-,2,33.94301,49.903018,21.481029
141,7,5,e-,0,50.79905,37.429421,26.222745
141,7,5,e-,1,50.799268,37.429507,26.222752
141,6,5,e-,0,50.376907,36.192733,26.442733
141,6,5,e-,1,50.377016,36.192606,26.442904
141,4,2,gamma,0,40.996404,32.339846,19.250442
141,4,2,gamma,1,41.723324,32.695753,19.642185
141,9,4,e-,0,41.723324,32.695753,19.642185
141,9,4,e-,1,41.723373,32.695749,19.642213
141,9,4,e-,2,41.723755,32.695683,19.642408
141,3,2,e-,0,27.369592,28.627572,17.127565
141,3,2,e-,1,28.193949,29.22398,16.770291
141,3,2,e-,2,28.639824,29.345038,16.627018
141,3,2,e-,3,29.481538,29.434895,15.958746
141,3,2,e-,4,29.918029,29.509183,15.710449
141,3,2,e-,5,30,29.523831,15.656122
141,3,2,e-,6,30.087568,29.588267,15.566383
141,3,2,e-,7,30.107214,29.725162,15.528087
141,3,2,e-,8,30.095656,29.852359,15.479976
141,3,2,e-,9,30.083859,29.99761,15.463804
141,3,2,e-,10,30.084647,30,15.463085
141,3,2,e-,11,30.120238,30.080335,15.453298
141,3,2,e-,12,30.139849,30.143023,15.451712
141,3,2,e-,13,30.138578,30.230378,15.456508
141,3,2,e-,14,30.145689,30.319643,15.495167
141,3,2,e-,15,30.118486,30.387653,15.53267
141,3,2,e-,16,30.107975,30.460502,15.558301
141,3,2,e-,17,30.098453,30.525492,15.575749
141,3,2,e-,18,30.076805,30.611032,15.615549
141,3,2,e-,19,30.061367,30.688767,15.65642
141,3,2,e-,20,30.05537,30.754234,15.687916
141,3,2,e-,21,30.029285,30.843002,15.694444
141,3,2,e-,22,30,30.921613,15.697375
141,3,2,e-,23,29.978673,30.938885,15.671905
141,3,2,e-,24,29.949357,30.956481,15.650905
141,3,2,e-,25,29.920394,30.971423,15.639242
141,3,2,e-,26,29.878217,30.982887,15.634187
141,3,2,e-,27,29.821266,30.982185,15.605402
141,3,2,e-,28,29.745388,30.932989,15.586299
141,3,2,e-,29,29.619664,30.900366,15.677673
141,3,2,e-,30,29.61364,30.951625,15.850011
141,12,3,gamma,0,30.139849,30.143023,15.451712
141,12,3,gamma,1,31.051656,35.754714,12.8
141,12,3,gamma,2,32.553861,45,8.4312916
141,12,3,gamma,3,33.366278,50,6.0686236
141,12,3,gamma,4,33.940044,53.531227,4.4
141,12,3,gamma,5,34.991112,60,1.3432875
141,12,3,gamma,6,35.453009,62.842734,0
141,12,3,gamma,7,36.828432,71.307741,-4
141,12,3,gamma,8,106.50327,500.11982,-206.62812
141,11,3,gamma,0,29.918029,29.509183,15.710449
141,11,3,gamma,1,30,29.499845,15.692296
141,11,3,gamma,2,43.060702,28.012008,12.8
141,11,3,gamma,3,50,27.221503,11.26329
141,11,3,gamma,4,70,24.943161,6.8342848
141,11,3,gamma,5,80.992466,23.690931,4.4
141,11,3,gamma,6,90,22.664819,2.4052791
141,11,3,gamma,7,94.329874,22.171572,1.4464271
141,11,3,gamma,8,90,17.770256,2.4857102
141,11,3,gamma,9,87.274711,15,3.1398509
141,11,3,gamma,10,84.735003,12.418388,3.749447
141,11,3,gamma,11,85.516876,12.374521,4.4
141,11,3,gamma,12,85.733167,12.362386,4.5799646
141,11,3,gamma,13,85.783669,12.413348,4.4
141,11,3,gamma,14,87.018402,13.659334,0
141,11,3,gamma,15,88.140887,14.792049,-4
141,11,3,gamma,16,227.36259,155.28262,-500.11982
141,15,11,e-,0,85.733167,12.362386,4.5799646
141,15,11,e-,1,85.73484,12.361708,4.5837653
141,14,11,e-,0,84.735003,12.418388,3.749447
141,14,11,e-,1,84.720935,12.410283,3.7466312
141,13,11,e-,0,94.329874,22.171572,1.4464271
141,13,11,e-,1,94.628228,22.197959,1.3793645
141,10,3,gamma,0,28.639824,29.345038,16.627018
141,10,3,gamma,1,30,29.176655,16.176739
141,10,3,gamma,2,40.200258,27.91391,12.8
141,10,3,gamma,3,50,26.700747,9.5558497
141,10,3,gamma,4,57.983752,25.712396,6.912873
141,16,10,e-,0,57.983752,25.712396,6.912873
141,16,10,e-,1,57.984848,25.711908,6.9122502
141,16,10,e-,2,57.9928,25.706646,6.9073589
142,1,0,gamma,0,2.3668397,19.894091,16.459384
142,1,0,gamma,1,1.8559813,20.019516,12.8
142,1,0,gamma,2,0.68332224,20.307424,4.4
142,1,0,gamma,3,0.069072229,20.458233,0
142,1,0,gamma,4,-0.48933687,20.595332,-4
142,1,0,gamma,5,-6.9110415,22.17197,-50
142,1,0,gamma,6,-69.748792,37.599713,-500.11982
143,1,0,gamma,0,19.205828,23.817823,10.822772
143,1,0,gamma,1,15.293041,20.647299,4.4
143,1,0,gamma,2,12.612537,18.475292,0
143,1,0,gamma,3,10.175715,16.50074,-4
143,1,0,gamma,4,-17.847735,-6.2066084,-50
143,1,0,gamma,5,-292.06318,-228.40285,-500.11982
144,1,0,gamma,0,4.8766419,11.588691,11.732366
144,1,0,gamma,1,5.9195424,12.736204,4.4
144,1,0,gamma,2,6.5453653,13.424803,0
144,1,0,gamma,3,7.1142952,14.050801,-4
144,1,0,gamma,4,13.656989,21.249785,-50
144,1,0,gamma,5,77.678642,91.693376,-500.11982
145,1,0,gamma,0,13.199468,27.715658,15.498365
145,1,0,gamma,1,10,25.555296,15.635455
145,1,0,gamma,2,0,18.803041,16.063933
145,1,0,gamma,3,-5.6322529,15,16.305262
145,1,0,gamma,4,-10,12.050786,16.49241
145,1,0,gamma,5,-50,-14.958235,18.206321
145,1,0,gamma,6,-500.11982,-318.89062,37.492945
146,1,0,gamma,0,17.005164,13.136579,11.954772
146,1,0,gamma,1,15.420359,15,12.233335
146,1,0,gamma,2,12.196476,18.790656,12.8
146,1,0,gamma,3,10,21.373283,13.186077
146,1,0,gamma,4,2.6631368,30,14.475685
146,1,0,gamma,5,0,33.131328,14.943787
146,1,0,gamma,6,-10,44.889374,16.701497
146,1,0,gamma,7,-14.346493,50,17.465485
146,1,0,gamma,8,-397.16507,500.11982,84.753892
147,1,0,gamma,0,16.792301,27.093871,11.881928
147,1,0,gamma,1,12.314416,23.855634,4.4
147,1,0,gamma,2,10,22.181936,0.53292956
147,1,0,gamma,3,9.6810452,21.95128,0
147,1,0,gamma,4,7.2870715,20.220049,-4
147,1,0,gamma,5,-20.243626,0.31089163,-50
147,1,0,gamma,6,-289.63737,-194.50446,-500.11982
148,1,0,gamma,0,5.1320199,11.275869,10.43852
148,1,0,gamma,1,1.9693258,15,11.862159
148,1,0,gamma,2,-2.220446e-16,17.318918,12.748622
148,1,0,gamma,3,-0.11413986,17.45332,12.8
148,1,0,gamma,4,-10,29.094105,17.249971
148,1,0,gamma,5,-27.754194,50,25.241755
148,1,0,gamma,6,-410.01548,500.11982,197.31092
149,1,0,gamma,0,2.7847373,13.43291,7.8060746
149,1,0,gamma,1,10,13.008926,8.150388
149,1,0,gamma,2,30,11.833686,9.104791
149,1,0,gamma,3,50,10.658445,10.059194
149,1,0,gamma,4,70,9.4832049,11.013597
149,1,0,gamma,5,90,8.3079644,11.968
149,1,0,gamma,6,107.43499,7.2834492,12.8
149,1,0,gamma,7,110,7.1327239,12.922403
149,1,0,gamma,8,130,5.9574835,13.876806
149,1,0,gamma,9,150,4.782243,14.831209
149,1,0,gamma,10,170,3.6070025,15.785612
149,1,0,gamma,11,180,3.0193823,16.262813
149,1,0,gamma,12,190,2.4317621,16.740015
149,1,0,gamma,13,500.11982,-15.791506,31.538978
150,1,0,gamma,0,13.793851,27.46663,15.464076
150,1,0,gamma,1,10,27.370773,15.869487
150,1,0,gamma,2,0,27.118107,16.938087
150,1,0,gamma,3,-10,26.865442,18.006687
150,1,0,gamma,4,-50,25.85478,22.281088
150,1,0,gamma,5,-500.11982,14.481805,70.380894
151,1,0,gamma,0,2.6991507,16.957717,16.118996
151,1,0,gamma,1,7.5541387,21.183832,20
151,1,0,gamma,2,9.0552931,22.49054,21.2
151,1,0,gamma,3,10,23.312878,21.955184
151,1,0,gamma,4,11.938176,25,23.504533
151,1,0,gamma,5,17.682208,30,28.096225
151,1,0,gamma,6,19.563374,31.637495,29.6
151,1,0,gamma,7,20.063758,32.073065,30
151,1,0,gamma,8,30,40.722252,37.942881
151,1,0,gamma,9,30.071454,40.784451,38
151,1,0,gamma,10,34.914304,45,41.871301
151,1,0,gamma,11,40.579535,49.931406,46.4
151,1,0,gamma,12,40.658336,50,46.462993
151,1,0,gamma,13,50,58.131626,53.930577
151,1,0,gamma,14,51.087615,59.078361,54.8
151,1,0,gamma,15,52.1464,60,55.646377
151,1,0,gamma,16,61.595696,68.225316,63.2
151,1,0,gamma,17,69.378496,75,69.421452
151,1,0,gamma,18,70,75.541,69.918273
151,1,0,gamma,19,72.103776,77.372271,71.6
151,1,0,gamma,20,82.611857,86.519226,80
151,1,0,gamma,21,500.11982,449.94684,413.74952
152,1,0,gamma,0,15.237385,11.988413,12.895561
152,1,0,gamma,1,15.284674,12.075784,12.8
152,1,0,gamma,2,16.867381,15,9.6016669
152,1,0,gamma,3,19.441444,19.755852,4.4
152,1,0,gamma,4,21.6188,23.778745,0
152,1,0,gamma,5,23.598215,27.43592,-4
152,1,0,gamma,6,35.810827,50,-28.679243
152,1,0,gamma,7,269.1049,481.03521,-500.11982
153,1,0,gamma,0,3.8625773,12.261371,8.4361388
153,1,0,gamma,1,7.188837,15,6.1680507
153,1,0,gamma,2,9.7817679,17.134853,4.4
153,1,0,gamma,3,10,17.314532,4.2511933
153,1,0,gamma,4,12.367244,19.263568,2.6370328
153,1,0,gamma,5,11.71694,20.313788,0
153,1,0,gamma,6,10.730524,21.90682,-4
153,1,0,gamma,7,-0.61326387,40.226689,-50
153,1,0,gamma,8,-111.61465,219.49052,-500.11982
153,2,1,e-,0,12.367244,19.263568,2.6370328
153,2,1,e-,1,13.11454,19.399596,2.1796964
153,2,1,e-,2,13.711469,19.3325,1.405197
153,2,1,e-,3,13.850483,19.572395,1.209584
154,1,0,gamma,0,14.459962,14.324909,16.921133
154,1,0,gamma,1,15.957139,15,16.41541
154,1,0,gamma,2,26.660438,19.826216,12.8
154,1,0,gamma,3,30,21.332055,11.671947
154,1,0,gamma,4,49.223263,30,5.1786247
154,1,0,gamma,5,50,30.350238,4.9162549
154,1,0,gamma,6,51.528355,31.039387,4.4
154,1,0,gamma,7,64.554407,36.912953,0
154,1,0,gamma,8,70,39.368421,-1.8394374
154,1,0,gamma,9,76.396273,42.252559,-4
154,1,0,gamma,10,500.11982,233.31338,-147.1273
155,1,0,gamma,0,16.747532,16.845876,3.3274958
155,1,0,gamma,1,16.970961,17.74781,4.4
155,1,0,gamma,2,18.72089,24.811882,12.8
155,1,0,gamma,3,20.006104,30,18.969274
155,1,0,gamma,4,20.22083,30.866801,20
155,1,0,gamma,5,20.47082,31.875954,21.2
155,1,0,gamma,6,22.220749,38.940026,29.6
155,1,0,gamma,7,22.304079,39.27641,30
155,1,0,gamma,8,23.721941,45,36.806011
155,1,0,gamma,9,23.970678,46.004098,38
155,1,0,gamma,10,24.960553,50,42.751591
155,1,0,gamma,11,25.720607,53.06817,46.4
155,1,0,gamma,12,27.437777,60,54.642749
155,1,0,gamma,13,27.470536,60.132242,54.8
155,1,0,gamma,14,29.220466,67.196314,63.2
155,1,0,gamma,15,30,70.343119,66.941916
155,1,0,gamma,16,30.970395,74.260386,71.6
155,1,0,gamma,17,31.153614,75,72.479487
155,1,0,gamma,18,32.720324,81.324458,80
155,1,0,gamma,19,120.24174,434.62882,500.11982
156,1,0,gamma,0,3.0146828,14.15642,5.8698768
156,1,0,gamma,1,3.0290615,15,6.408121
156,1,0,gamma,2,3.1998146,25.01787,12.8
156,1,0,gamma,3,3.2847343,30,15.978837
156,1,0,gamma,4,3.392156,36.302292,20
156,1,0,gamma,5,3.4242129,38.18303,21.2
156,1,0,gamma,6,3.5404072,45,25.549552
156,1,0,gamma,7,3.6256315,50,28.739791
156,1,0,gamma,8,3.6486112,51.348189,29.6
156,1,0,gamma,9,3.7960801,60,35.120268
156,1,0,gamma,10,3.8730095,64.513349,38
156,1,0,gamma,11,4.0517529,75,44.690984
156,1,0,gamma,12,4.0974077,77.678509,46.4
156,1,0,gamma,13,4.3074258,90,54.261699
156,1,0,gamma,14,4.321806,90.843668,54.8
156,1,0,gamma,15,4.5462043,104.00883,63.2
156,1,0,gamma,16,4.5630987,105,63.832415
156,1,0,gamma,17,4.7706026,117.17399,71.6
156,1,0,gamma,18,4.8187715,120,73.403131
156,1,0,gamma,19,4.9950008,130.33915,80
156,1,0,gamma,20,11.29786,500.11982,315.93771
157,1,0,gamma,0,9.1205358,25.875139,1.9557919
157,1,0,gamma,1,9.4222264,25.831828,4.4
157,1,0,gamma,2,10,25.748883,9.080951
157,1,0,gamma,3,10.459045,25.682982,12.8
157,1,0,gamma,4,10.747615,25.641555,15.137908
157,3,1,e+,0,10.747615,25.641555,15.137908
157,3,1,e+,1,10.782445,25.512446,15.43118
157,3,1,e+,2,10.628102,25.312805,15.815552
157,3,1,e+,3,10.507515,25.211572,16.095823
157,3,1,e+,4,10.412387,25.183279,16.393895
157,3,1,e+,5,10.219326,25.188856,16.668858
157,3,1,e+,6,10.093656,25.335025,16.87443
157,3,1,e+,7,10.085822,25.578443,16.680098
157,3,1,e+,8,10.051761,25.763201,16.440585
157,3,1,e+,9,10,25.797647,16.27115
157,3,1,e+,10,9.9903746,25.863956,16.227871
157,3,1,e+,11,9.9719753,25.949681,16.173417
157,3,1,e+,12,9.9753288,26.024005,16.135838
157,3,1,e+,13,9.9490004,26.123957,16.077348
157,3,1,e+,14,9.9092588,26.186517,16.022085
157,3,1,e+,15,9.8076574,26.19064,16.054673
157,3,1,e+,16,9.7095298,26.188933,16.069041
157,3,1,e+,17,9.5474826,26.191225,16.089032
157,3,1,e+,18,9.3589699,26.237843,16.270863
157,3,1,e+,19,9.2575247,26.56094,16.184806
157,3,1,e+,20,9.0996377,26.8815,16.163562
157,3,1,e+,21,9.0996377,26.8815,16.163562
157,5,3,gamma,0,9.0996377,26.8815,16.163562
157,5,3,gamma,1,10,24.32575,16.373857
157,5,3,gamma,2,13.285358,15,17.141209
157,5,3,gamma,3,17.86016,2.0140632,18.209733
157,5,3,gamma,4,17.327546,1.7763568e-15,17.069931
157,5,3,gamma,5,4.1051735,-50,-11.22615
157,5,3,gamma,6,-114.92786,-500.11982,-265.95868
157,6,5,e-,0,17.86016,2.0140632,18.209733
157,6,5,e-,1,17.882931,2.000688,18.229814
157,4,3,gamma,0,9.0996377,26.8815,16.163562
157,4,3,gamma,1,8.0010246,30,15.906962
157,4,3,gamma,2,2.7166911,45,14.672715
157,4,3,gamma,3,0.95524661,50,14.261299
157,4,3,gamma,4,-1.110223e-16,52.711543,14.038185
157,4,3,gamma,5,-2.5676424,60,13.438468
157,4,3,gamma,6,-5.3011928,67.7594,12.8
157,4,3,gamma,7,-7.8519759,75,12.204221
157,4,3,gamma,8,-10,81.097337,11.702513
157,4,3,gamma,9,-157.61697,500.11982,-22.775973
157,2,1,e-,0,10.747615,25.641555,15.137908
157,2,1,e-,1,10.653076,25.671973,15.828359
157,2,1,e-,2,10.605712,25.61664,16.515256
157,2,1,e-,3,10.683367,25.608266,17.303936
157,2,1,e-,4,10.733317,25.72044,17.941576
157,2,1,e-,5,10.900608,25.718654,18.459797
157,2,1,e-,6,11.019708,25.89611,19.14198
157,2,1,e-,7,10.91099,26.527202,19.34702
157,2,1,e-,8,11.12508,27.109975,19.337116
157,2,1,e-,9,11.296365,27.466085,19.703448
157,2,1,e-,10,11.476936,27.540409,20
157,2,1,e-,11,11.48873,27.545457,20.006569
157,2,1,e-,12,11.503404,27.548744,20.013788
157,2,1,e-,13,11.517257,27.558765,20.024171
157,2,1,e-,14,11.529968,27.567757,20.029978
157,2,1,e-,15,11.540021,27.580177,20.029653
157,2,1,e-,16,11.554667,27.593767,20.024419
157,2,1,e-,17,11.568273,27.603326,20.024332
157,2,1,e-,18,11.581247,27.615697,20.019306
157,2,1,e-,19,11.589141,27.628436,20.012354
157,2,1,e-,20,11.597756,27.638681,20.002049
157,2,1,e-,21,11.599935,27.640829,20
157,2,1,e-,22,11.609339,27.646895,19.992249
157,2,1,e-,23,11.60575,27.644523,19.981574
157,2,1,e-,24,11.603424,27.640768,19.97067
157,2,1,e-,25,11.598486,27.635759,19.955873
157,2,1,e-,26,11.585334,27.623041,19.935842
157,2,1,e-,27,11.563974,27.63493,19.905799
157,2,1,e-,28,11.560795,27.679245,19.869986
157,2,1,e-,29,11.560873,27.712249,19.843693
157,2,1,e-,30,11.555134,27.723426,19.83881
157,7,2,gamma,0,11.560873,27.712249,19.843693
157,7,2,gamma,1,10,26.089114,18.573023
157,7,2,gamma,2,4.5175594,20.387981,14.109895
157,8,7,e-,0,4.5175594,20.387981,14.109895
157,8,7,e-,1,4.5172941,20.387323,14.10988
157,8,7,e-,2,4.5148116,20.383042,14.109196
158,1,0,gamma,0,3.5979716,15.041431,15.867421
158,1,0,gamma,1,3.7055149,15.302832,12.8
158,1,0,gamma,2,4.0000177,16.018665,4.4
158,1,0,gamma,3,4.1542811,16.393625,0
158,1,0,gamma,4,4.2945205,16.734498,-4
158,1,0,gamma,5,5.9072738,20.654537,-50
158,1,0,gamma,6,21.688409,59.012954,-500.11982
159,1,0,gamma,0,0.21501867,20.630377,11.963865
159,1,0,gamma,1,10,26.220439,4.8820017
159,1,0,gamma,2,10.66598,26.600906,4.4
159,1,0,gamma,3,16.615838,30,0.093800894
159,1,0,gamma,4,16.745442,30.074042,0
159,1,0,gamma,5,22.272225,33.231438,-4
159,1,0,gamma,6,50,49.072036,-24.067928
159,1,0,gamma,7,500.11982,306.22096,-349.84136
160,1,0,gamma,0,17.802118,17.908657,4.1048128
160,1,0,gamma,1,12.739639,30,2.1886506
160,1,0,gamma,2,10,36.543416,1.1516901
160,1,0,gamma,3,6.957247,43.810797,0
160,1,0,gamma,4,6.4593438,45,-0.18845769
160,1,0,gamma,5,4.3659122,50,-0.98082713
160,1,0,gamma,6,0.17904895,60,-2.565566
160,1,0,gamma,7,-3.6107103,69.051548,-4
160,1,0,gamma,8,-184.0931,500.11982,-72.313065
161,1,0,gamma,0,3.6344104,27.456933,8.0318985
161,1,0,gamma,1,8.4298681,23.91606,12.8
161,1,0,gamma,2,10,22.756705,14.361175
161,1,0,gamma,3,15.671177,18.569219,20
161,1,0,gamma,4,16.878062,17.678079,21.2
161,1,0,gamma,5,20.505024,15,24.806272
161,1,0,gamma,6,25.326255,11.440097,29.6
161,1,0,gamma,7,30,7.989095,34.247083
161,1,0,gamma,8,33.774449,5.2021155,38
161,1,0,gamma,9,40.819753,5.3290705e-15,45.005114
161,1,0,gamma,10,45.843297,-3.7092867,50
161,1,0,gamma,11,498.5456,-337.97585,500.11982
162,1,0,gamma,0,15.206115,25.437023,16.582944
162,1,0,gamma,1,12.597133,24.018937,12.8
162,1,0,gamma,2,10,22.607291,9.034236
162,1,0,gamma,3,6.8039082,20.870087,4.4
162,1,0,gamma,4,3.7693618,19.22069,0
162,1,0,gamma,5,1.0106833,17.721238,-4
162,1,0,gamma,6,-30.71412,0.47753859,-50
162,1,0,gamma,7,-341.14809,-168.25574,-500.11982
163,1,0,gamma,0,6.4719943,27.016573,3.8096143
163,1,0,gamma,1,5.7072525,25.639609,4.4
163,1,0,gamma,2,0.036509811,15.429089,8.7778513
163,1,0,gamma,3,0,15.390438,8.7603207
163,1,0,gamma,4,-0.3688065,15,8.583234
163,1,0,gamma,5,-9.0809439,5.7768704,4.4
163,1,0,gamma,6,-10,4.8039091,3.9587045
163,1,0,gamma,7,-50,-37.542207,-15.24776
163,1,0,gamma,8,-486.94927,-500.11982,-225.05403
163,2,1,e-,0,0.036509811,15.429089,8.7778513
163,2,1,e-,1,6.9388939e-18,15.358262,8.8146262
163,2,1,e-,2,-0.17820017,15,9.0103006
163,2,1,e-,3,-3.5952327,8.1038155,12.8
163,2,1,e-,4,-7.6327731,0,17.265496
163,2,1,e-,5,-11.284509,-7.2012991,21.222615
163,2,1,e-,6,-32.974807,-50,44.676587
163,2,1,e-,7,-47.324817,-77.825904,60.056084
163,2,1,e-,8,-51.892997,-86.522926,64.813779
163,2,1,e-,9,-182.90585,-322.61359,196.71338
163,2,1,e-,10,-216.1699,-378.54643,227.78517
163,2,1,e-,11,-289.68233,-500.11982,296.981
163,7,2,e-,0,-216.1699,-378.54643,227.78517
163,7,2,e-,1,-215.56633,-378.86025,228.01288
163,7,2,e-,2,-215.54068,-378.71822,227.89732
163,6,2,e-,0,-182.90585,-322.61359,196.71338
163,6,2,e-,1,-181.30677,-324.21908,196.62565
163,6,2,e-,2,-177.55031,-332.75456,196.91749
163,6,2,e-,3,-176.67348,-333.02949,197.46067
163,6,2,e-,4,-175.49238,-333.91904,198.17283
163,6,2,e-,5,-171.93406,-334.58962,200.69999
163,6,2,e-,6,-171.07306,-337.1644,202.84776
163,6,2,e-,7,-169.33391,-338.33549,201.49553
163,6,2,e-,8,-168.37572,-339.56792,200.27638
163,6,2,e-,9,-167.80035,-339.87254,199.8272
163,6,2,e-,10,-167.56238,-340.16738,199.58627
163,6,2,e-,11,-167.47359,-340.13236,199.60449
163,12,6,e-,0,-167.56238,-340.16738,199.58627
163,12,6,e-,1,-167.55142,-340.18105,199.55944
163,11,6,e-,0,-167.80035,-339.87254,199.8272
163,11,6,e-,1,-167.79102,-339.85595,199.81599
163,10,6,e-,0,-175.49238,-333.91904,198.17283
163,10,6,e-,1,-175.51474,-333.92335,198.2036
163,9,6,e-,0,-176.67348,-333.02949,197.46067
163,9,6,e-,1,-176.28471,-332.44885,197.56579
163,9,6,e-,2,-176.38223,-332.34644,197.72578
163,8,6,e-,0,-181.30677,-324.21908,196.62565
163,8,6,e-,1,-181.27305,-324.20578,196.59379
163,5,2,e-,0,-51.892997,-86.522926,64.813779
163,5,2,e-,1,-51.874156,-86.536722,64.808491
163,4,2,e-,0,-47.324817,-77.825904,60.056084
163,4,2,e-,1,-46.74243,-77.794929,60.892731
163,4,2,e-,2,-46.593916,-77.674318,61.057652
163,3,2,e-,0,-11.284509,-7.2012991,21.222615
163,3,2,e-,1,-11.154068,-7.2156229,21.339879
164,1,0,gamma,0,6.3762025,24.150135,1.6546738
164,1,0,gamma,1,7.3348839,23.148691,4.4
164,1,0,gamma,2,10,20.364694,12.031955
164,1,0,gamma,3,10.268205,20.084525,12.8
164,1,0,gamma,4,12.782481,17.458098,20
164,1,0,gamma,5,13.201527,17.02036,21.2
164,1,0,gamma,6,15.135614,15,26.738546
164,1,0,gamma,7,16.134848,13.956194,29.6
164,1,0,gamma,8,19.068169,10.892029,38
164,1,0,gamma,9,22.001491,7.827863,46.4
164,1,0,gamma,10,23.258628,6.5146492,50
164,1,0,gamma,11,24.934812,4.7636974,54.8
164,1,0,gamma,12,27.868133,1.6995319,63.2
164,1,0,gamma,13,29.495093,4.4408921e-16,67.859039
164,1,0,gamma,14,180.44268,-157.68078,500.11982
165,1,0,gamma,0,17.132945,24.714733,15.185788
165,1,0,gamma,1,12.498041,26.465252,12.8
165,1,0,gamma,2,10,27.408717,11.514149
165,1,0,gamma,3,3.1389806,30,7.982482
165,1,0,gamma,4,0,31.185536,6.3667112
165,1,0,gamma,5,-3.8207576,32.628567,4.4
165,1,0,gamma,6,-10,34.962355,1.2192734
165,1,0,gamma,7,-49.815634,50,-19.275577
165,1,0,gamma,8,-500.11982,220.07174,-251.06685
166,1,0,gamma,0,14.481406,17.598442,1.3889883
166,1,0,gamma,1,10,21.173785,2.2784578
166,1,0,gamma,2,7.5045627,23.164688,2.7737522
166,3,1,e+,0,7.5045627,23.164688,2.7737522
166,3,1,e+,1,7.4569754,23.186963,2.7995445
166,3,1,e+,2,7.0408698,23.477476,3.1349729
166,3,1,e+,3,6.9954024,23.488926,3.1268484
166,3,1,e+,4,6.9954024,23.488926,3.1268484
166,5,3,gamma,0,6.9954024,23.488926,3.1268484
166,5,3,gamma,1,6.0995512,28.898645,3.1508163
166,5,3,gamma,2,5.9544718,30,2.7577124
166,5,3,gamma,3,4.9367071,37.726256,0
166,5,3,gamma,4,3.978551,45,-2.5961982
166,5,3,gamma,5,3.4604622,48.933018,-4
166,5,3,gamma,6,3.3199107,50,-4.3808351
166,5,3,gamma,7,-55.973498,500.11982,-165.04092
166,6,5,e-,0,6.0995512,28.898645,3.1508163
166,6,5,e-,1,6.0991856,28.899453,3.1532926
166,4,3,gamma,0,6.9954024,23.488926,3.1268484
166,4,3,gamma,1,8.4011712,15,3.0892379
166,4,3,gamma,2,10,5.3452552,3.0464622
166,4,3,gamma,3,10.885176,5.3290705e-15,3.0227799
166,4,3,gamma,4,19.165192,-50,2.8012531
166,4,3,gamma,5,93.705176,-500.11982,0.80698174
166,2,1,e-,0,7.5045627,23.164688,2.7737522
166,2,1,e-,1,7.0661662,24.003413,2.6895222
166,2,1,e-,2,6.9998503,24.889965,2.440781
166,2,1,e-,3,6.9044543,25.43043,2.2336483
166,2,1,e-,4,7.043952,25.850783,2.1945755
166,7,2,gamma,0,6.9044543,25.43043,2.2336483
166,7,2,gamma,1,6.871282,25.527012,2.2249178
166,8,7,e-,0,6.871282,25.527012,2.2249178
166,8,7,e-,1,6.8712906,25.527004,2.2248609
166,8,7,e-,2,6.8713497,25.526958,2.2243885
167,1,0,gamma,0,4.081889,12.734711,6.5083612
167,1,0,gamma,1,6.2122274,14.234294,4.4
167,1,0,gamma,2,7.3000044,15,3.3234448
167,1,0,gamma,3,10,16.900575,0.65130315
167,1,0,gamma,4,10.658092,17.363818,0
167,1,0,gamma,5,14.699788,20.208839,-4
167,1,0,gamma,6,50,45.057288,-38.936045
167,1,0,gamma,7,500.11982,361.90465,-484.4123
168,1,0,gamma,0,1.6789614,14.505951,10.758778
168,1,0,gamma,1,3.8436314,14.998478,12.8
168,1,0,gamma,2,3.8503224,15,12.806309
168,1,0,gamma,3,10,16.399234,18.60528
168,1,0,gamma,4,11.47907,16.735766,20
168,1,0,gamma,5,12.751643,17.025314,21.2
168,1,0,gamma,6,21.659654,19.05215,29.6
168,1,0,gamma,7,30,20.949825,37.464708
168,1,0,gamma,8,30.567666,21.078986,38
168,1,0,gamma,9,39.475677,23.105822,46.4
168,1,0,gamma,10,43.293396,23.974467,50
168,1,0,gamma,11,48.383688,25.132659,54.8
168,1,0,gamma,12,50,25.500417,56.324136
168,1,0,gamma,13,57.2917,27.159495,63.2
168,1,0,gamma,14,66.199711,29.186331,71.6
168,1,0,gamma,15,69.775813,30,74.972162
168,1,0,gamma,16,70,30.051009,75.183564
168,1,0,gamma,17,75.107723,31.213167,80
168,1,0,gamma,18,500.11982,127.916,480.77425
169,1,0,gamma,0,18.540858,20.704152,15.153436
169,1,0,gamma,1,18.16229,19.280493,12.8
169,1,0,gamma,2,17.024053,15,5.7239635
169,1,0,gamma,3,16.811083,14.199097,4.4
169,1,0,gamma,4,16.103308,11.537414,0
169,1,0,gamma,5,15.459876,9.1177019,-4
169,1,0,gamma,6,8.0604112,-18.708987,-50
169,1,0,gamma,7,-64.344933,-290.99908,-500.11982
170,1,0,gamma,0,14.316823,17.468148,1.3423581
170,1,0,gamma,1,10,18.810438,2.3483778
170,1,0,gamma,2,1.1965038,21.547833,4.4
170,1,0,gamma,3,0,21.919878,4.6788408
170,1,0,gamma,4,-10,25.029318,7.0093037
170,1,0,gamma,5,-50,37.467077,16.331156
170,1,0,gamma,6,-500.11982,177.42913,121.22991
171,1,0,gamma,0,0.44113108,18.169189,7.7030117
171,1,0,gamma,1,10,19.265841,9.9898006
171,1,0,gamma,2,21.746746,20.613499,12.8
171,1,0,gamma,3,30,21.560363,14.774444
171,1,0,gamma,4,50,23.854886,19.559087
171,1,0,gamma,5,51.843033,24.06633,20
171,1,0,gamma,6,56.859081,24.641802,21.2
171,1,0,gamma,7,70,26.149409,24.343731
171,1,0,gamma,8,90,28.443931,29.128374
171,1,0,gamma,9,91.971416,28.670104,29.6
171,1,0,gamma,10,103.56333,30,32.37316
171,1,0,gamma,11,110,30.738454,33.913017
171,1,0,gamma,12,127.08375,32.698406,38
171,1,0,gamma,13,130,33.032976,38.69766
171,1,0,gamma,14,150,35.327499,43.482304
171,1,0,gamma,15,162.19609,36.726709,46.4
171,1,0,gamma,16,165,37.048391,47.070786
171,1,0,gamma,17,170,37.622022,48.266947
171,1,0,gamma,18,175,38.195652,49.463108
171,1,0,gamma,19,190,39.916544,53.05159
171,1,0,gamma,20,500.11982,75.49539,127.24223
172,1,0,gamma,0,16.535226,27.563462,10.29131
172,1,0,gamma,1,17.765376,24.054214,12.8
172,1,0,gamma,2,20.939288,15,19.272674
172,1,0,gamma,3,21.295936,13.98259,20
172,1,0,gamma,4,21.884362,12.303986,21.2
172,1,0,gamma,5,26.003348,0.55375808,29.6
172,1,0,gamma,6,26.197466,0,29.99587
172,1,0,gamma,7,36.0066,-27.98251,50
172,1,0,gamma,8,201.51207,-500.11982,387.52139
173,1,0,gamma,0,17.193043,26.915481,10.660486
173,1,0,gamma,1,13.053163,20.87048,4.4
173,1,0,gamma,2,10.143569,16.621928,0
173,1,0,gamma,3,10,16.41229,-0.21711044
173,1,0,gamma,4,9.0328022,15,-1.6797441
173,1,0,gamma,5,7.4984833,12.759607,-4
173,1,0,gamma,6,-22.920001,-31.657081,-50
173,1,0,gamma,7,-320.57137,-466.28385,-500.11982
174,1,0,gamma,0,11.099825,29.894359,10.944484
174,1,0,gamma,1,10,28.636632,12.24081
174,1,0,gamma,2,9.5255742,28.094092,12.8
174,1,0,gamma,3,3.4169748,21.108478,20
174,1,0,gamma,4,2.3988749,19.944208,21.2
174,1,0,gamma,5,-1.9246083,15,26.295944
174,1,0,gamma,6,-4.7278244,11.794324,29.6
174,1,0,gamma,7,-10,5.7652194,35.814136
174,1,0,gamma,8,-22.035523,-7.9982508,50
174,1,0,gamma,9,-403.92464,-444.71542,500.11982
175,1,0,gamma,0,7.2862334,25.944194,2.4301896
175,1,0,gamma,1,8.0014228,23.860262,4.4
175,1,0,gamma,2,10,18.036771,9.9045808
175,1,0,gamma,3,11.042196,15,12.77505
175,1,0,gamma,4,11.051255,14.973604,12.8
175,1,0,gamma,5,13.665397,7.356469,20
175,1,0,gamma,6,14.101087,6.0869465,21.2
175,1,0,gamma,7,16.190081,0,26.953609
175,1,0,gamma,8,24.557655,-24.381594,50
175,1,0,gamma,9,187.82734,-500.11982,499.6855
176,1,0,gamma,0,19.519328,22.945453,10.840662
176,1,0,gamma,1,17.922107,15,11.312078
176,1,0,gamma,2,14.906757,0,12.202051
176,1,0,gamma,3,4.8555932,-50,15.168629
176,1,0,gamma,4,-85.62897,-500.11982,41.874943
177,1,0,gamma,0,0.74596321,21.473819,6.5084873
177,1,0,gamma,1,4.1932862,20.700245,12.8
177,1,0,gamma,2,8.1383986,19.814969,20
177,1,0,gamma,3,8.7959174,19.667423,21.2
177,1,0,gamma,4,10,19.397229,23.397503
177,1,0,gamma,5,13.398549,18.6346,29.6
177,1,0,gamma,6,18.00118,17.601778,38
177,1,0,gamma,7,22.603811,16.568955,46.4
177,1,0,gamma,8,24.576367,16.126317,50
177,1,0,gamma,9,27.206442,15.536133,54.8
177,1,0,gamma,10,29.595644,15,59.160396
177,1,0,gamma,11,30,14.909263,59.898363
177,1,0,gamma,12,31.809073,14.50331,63.2
177,1,0,gamma,13,36.411705,13.470488,71.6
177,1,0,gamma,14,41.014336,12.437665,80
177,1,0,gamma,15,271.21155,-39.218194,500.11982
178,1,0,gamma,0,3.0249413,13.310909,7.4300544
178,1,0,gamma,1,2.7927002,15,7.8464918
178,1,0,gamma,2,0.73027878,30,11.544671
178,1,0,gamma,3,0.030199998,35.091676,12.8
178,1,0,gamma,4,0,35.311321,12.854152
178,1,0,gamma,5,-1.3321426,45,15.242851
178,1,0,gamma,6,-2.0196164,50,16.475577
178,1,0,gamma,7,-3.394564,60,18.94103
178,1,0,gamma,8,-4.654359,69.162495,21.2
178,1,0,gamma,9,-5.4569854,75,22.639209
178,1,0,gamma,10,-7.5194068,90,26.337389
178,1,0,gamma,11,-9.3389181,103.23331,29.6
178,1,0,gamma,12,-9.5818282,105,30.035568
178,1,0,gamma,13,-10,108.04137,30.785403
178,1,0,gamma,14,-63.908732,500.11982,127.4505
179,1,0,gamma,0,12.74855,10.39224,10.369358
179,1,0,gamma,1,11.984597,11.963211,12.8
179,1,0,gamma,2,10.507828,15,17.498588
179,1,0,gamma,3,10,16.044284,19.114327
179,1,0,gamma,4,9.7216324,16.616711,20
179,1,0,gamma,5,9.3444716,17.392294,21.2
179,1,0,gamma,6,6.7043461,22.821378,29.6
179,1,0,gamma,7,5.6448971,25,32.970814
179,1,0,gamma,8,5,26.326149,35.022662
179,1,0,gamma,9,4.0642206,28.250461,38
179,1,0,gamma,10,3.2134317,30,40.706927
179,1,0,gamma,11,1.4240951,33.679544,46.4
179,1,0,gamma,12,0.29261274,36.006293,50
179,1,0,gamma,13,-1.2160304,39.108627,54.8
179,1,0,gamma,14,-3.8561559,44.53771,63.2
179,1,0,gamma,15,-4.0809645,45,63.915266
179,1,0,gamma,16,-6.4962814,49.966793,71.6
179,1,0,gamma,17,-9.1364069,55.395876,80
179,1,0,gamma,18,-141.18034,326.92747,500.11982
180,1,0,gamma,0,13.228294,19.644252,0.5421166
180,1,0,gamma,1,15.899314,16.460021,3.0331717
180,1,0,gamma,2,17.577303,15.449172,4.4
180,1,0,gamma,3,18.322918,15,5.0073509
180,1,0,gamma,4,27.889577,9.2368798,12.8
180,1,0,gamma,5,30,7.9655248,14.519073
180,1,0,gamma,6,36.72867,3.9120583,20
180,1,0,gamma,7,38.201852,3.024588,21.2
180,1,0,gamma,8,43.222604,3.1086245e-15,25.289721
180,1,0,gamma,9,50,-4.08282,30.810339
180,1,0,gamma,10,500.11982,-275.24276,397.46142
180,2,1,e-,0,15.899314,16.460021,3.0331717
180,2,1,e-,1,16.610156,15,3.8187589
180,2,1,e-,2,17.173856,13.615032,4.4
180,2,1,e-,3,17.147818,9.5782284,6.4665388
180,2,1,e-,4,17.134393,9.4785343,6.5005261
180,2,1,e-,5,17.116322,8.761818,6.811581
180,2,1,e-,6,18.017321,6.3206576,8.3765005
180,2,1,e-,7,18.191057,6.0288479,8.7286868
180,2,1,e-,8,18.736191,5.1083645,9.8757371
180,2,1,e-,9,18.726865,5.7165004,10.92849
180,2,1,e-,10,18.931239,6.1853445,11.180064
180,2,1,e-,11,18.932125,6.2571761,11.17662
180,6,2,gamma,0,18.736191,5.1083645,9.8757371
180,6,2,gamma,1,18.725636,5.2808562,10.145279
180,6,2,gamma,2,19.928455,4.8851353,10.687941
180,6,2,gamma,3,21.308329,4.4403345,11.31413
180,6,2,gamma,4,26.113159,6.2884871,4.4
180,6,2,gamma,5,26.588384,6.47128,3.7161529
180,9,6,e-,0,26.588384,6.47128,3.7161529
180,9,6,e-,1,26.589256,6.4710145,3.7164232
180,9,6,e-,2,26.596134,6.4692745,3.7172173
180,8,6,e-,0,21.308329,4.4403345,11.31413
180,8,6,e-,1,21.308368,4.4402843,11.314248
180,7,6,e-,0,18.725636,5.2808562,10.145279
180,7,6,e-,1,18.725521,5.2809676,10.145347
180,5,2,gamma,0,18.191057,6.0288479,8.7286868
180,5,2,gamma,1,20.348908,3.0045913,12.8
180,5,2,gamma,2,22.492727,0,16.844839
180,5,2,gamma,3,40.065411,-24.628347,50
180,5,2,gamma,4,278.635,-358.98676,500.11982
180,4,2,e-,0,17.116322,8.761818,6.811581
180,4,2,e-,1,17.216299,8.3588706,6.7310991
180,4,2,e-,2,17.207036,8.3636426,6.7193872
180,3,2,gamma,0,17.134393,9.4785343,6.5005261
180,3,2,gamma,1,13.851732,3.5527137e-15,11.404436
180,3,2,gamma,2,-3.4645557,-50,37.272938
180,3,2,gamma,3,-159.35264,-500.11982,270.15144
181,1,0,gamma,0,5.6996925,28.456122,13.162491
181,1,0,gamma,1,5.6237312,28.406487,12.8
181,1,0,gamma,2,3.863483,27.256289,4.4
181,1,0,gamma,3,2.9414483,26.653805,8.8817842e-16
181,1,0,gamma,4,2.1032348,26.106091,-4
181,1,0,gamma,5,-7.5362196,19.807389,-50
181,1,0,gamma,6,-101.86034,-41.826756,-500.11982
182,1,0,gamma,0,1.5893726,21.270224,4.7418752
182,1,0,gamma,1,1.9419668,17.370472,4.4
182,1,0,gamma,2,2.156292,15,4.1921905
182,1,0,gamma,3,3.5125099,0,2.8772022
182,1,0,gamma,4,8.0332364,-50,-1.506092
182,1,0,gamma,5,48.730607,-500.11982,-40.966243
183,1,0,gamma,0,9.2855258,22.369989,0.31120851
183,1,0,gamma,1,10,22.252259,0.45100803
183,1,0,gamma,2,30,18.956697,4.3643619
183,1,0,gamma,3,30.182136,18.926685,4.4
183,1,0,gamma,4,40.667026,17.199005,6.4515544
183,3,1,e+,0,40.667026,17.199005,6.4515544
183,3,1,e+,1,41.975189,17.129484,6.7476106
183,3,1,e+,2,43.185162,17.610801,6.9305195
183,3,1,e+,3,44.49678,17.819416,7.3196266
183,3,1,e+,4,45.117668,17.184227,7.4408832
183,3,1,e+,5,45.604515,15.944557,7.8706503
183,3,1,e+,6,46.559204,15.615619,7.2705738
183,3,1,e+,7,47.224589,15.590919,6.5693887
183,3,1,e+,8,47.460382,15.900897,6.5952746
183,3,1,e+,9,47.460382,15.900897,6.5952746
183,6,3,gamma,0,47.460382,15.900897,6.5952746
183,6,3,gamma,1,50,19.317291,4.8135787
183,6,3,gamma,2,50.589512,20.110326,4.4
183,6,3,gamma,3,56.861244,28.547305,1.7763568e-15
183,6,3,gamma,4,57.941122,30,-0.75760041
183,6,3,gamma,5,62.562818,36.217286,-4
183,6,3,gamma,6,407.41043,500.11982,-245.93152
183,5,3,gamma,0,47.460382,15.900897,6.5952746
183,5,3,gamma,1,46.790689,15,7.0651049
183,5,3,gamma,2,38.616207,4.003366,12.8
183,5,3,gamma,3,35.640256,8.8817842e-16,14.88781
183,5,3,gamma,4,-1.5278543,-50,40.963494
183,5,3,gamma,5,-336.12992,-500.11982,275.70714
183,4,3,gamma,0,45.117668,17.184227,7.4408832
183,4,3,gamma,1,45.259595,17.10315,7.4756828
183,7,4,e-,0,45.259595,17.10315,7.4756828
183,7,4,e-,1,45.259676,17.103252,7.4756899
183,7,4,e-,2,45.26038,17.103932,7.475854
183,2,1,e-,0,40.667026,17.199005,6.4515544
183,2,1,e-,1,42.046806,16.878548,6.7256585
183,2,1,e-,2,44.100957,16.503528,7.5184312
183,2,1,e-,3,46.78273,15,9.6337763
183,2,1,e-,4,47.109497,13.9643,10.170902
183,2,1,e-,5,46.69111,11.274774,9.6595757
183,2,1,e-,6,44.855227,9.1893228,10.209134
183,2,1,e-,7,43.762645,9.5378062,8.9926867
183,2,1,e-,8,43.122991,9.9834625,8.3587326
183,2,1,e-,9,42.931567,9.7704865,8.3319353
183,11,2,gamma,0,43.762645,9.5378062,8.9926867
183,11,2,gamma,1,46.325603,15,6.8292355
183,11,2,gamma,2,49.203426,21.133235,4.4
183,11,2,gamma,3,50,22.8309,3.7275937
183,11,2,gamma,4,52.608636,28.390441,1.5255852
183,11,2,gamma,5,58.030737,25.453173,0
183,11,2,gamma,6,70,18.969166,-3.3677221
183,11,2,gamma,7,72.247187,17.751816,-4
183,11,2,gamma,8,500.11982,-214.03598,-124.38804
183,12,11,e-,0,52.608636,28.390441,1.5255852
183,12,11,e-,1,52.608073,28.39291,1.5252879
183,10,2,gamma,0,47.109497,13.9643,10.170902
183,10,2,gamma,1,47.170189,1.6459345,12.8
183,10,2,gamma,2,47.178298,0,13.15129
183,10,2,gamma,3,47.424644,-50,23.822745
183,10,2,gamma,4,49.642348,-500.11982,119.89141
183,9,2,e-,0,44.100957,16.503528,7.5184312
183,9,2,e-,1,44.947546,16.277202,7.5085086
183,9,2,e-,2,45.621663,16.292117,7.6472516
183,9,2,e-,3,45.807684,16.336356,8.4598329
183,9,2,e-,4,46.053734,16.955627,8.7452149
183,9,2,e-,5,45.986038,17.06802,8.860323
183,8,2,gamma,0,42.046806,16.878548,6.7256585
183,8,2,gamma,1,50,16.236745,8.4648018
183,8,2,gamma,2,51.510273,16.114869,8.7950567
183,8,2,gamma,3,58.016509,16.654575,4.4
183,8,2,gamma,4,62.309482,17.010686,1.5000348
183,8,2,gamma,5,63.1118,16.713802,0
183,8,2,gamma,6,65.251266,15.922128,-4
183,8,2,gamma,7,230.19723,-45.113355,-312.38716
183,8,2,gamma,8,104.56367,-348.94423,500.11982
183,15,8,e-,0,230.19723,-45.113355,-312.38716
183,15,8,e-,1,231.74483,-44.919973,-316.54367
183,15,8,e-,2,231.67487,-46.94117,-320.53842
183,15,8,e-,3,231.84439,-47.134095,-321.82885
183,15,8,e-,4,232.82997,-45.553448,-319.6827
183,15,8,e-,5,233.07795,-44.676519,-317.65737
183,15,8,e-,6,233.67577,-46.211422,-316.88542
183,15,8,e-,7,234.12171,-46.682358,-316.56193
183,15,8,e-,8,234.27292,-46.716458,-316.57226
183,17,15,e-,0,231.84439,-47.134095,-321.82885
183,17,15,e-,1,231.81834,-47.173984,-321.78698
183,16,15,e-,0,231.74483,-44.919973,-316.54367
183,16,15,e-,1,231.81136,-44.923633,-316.54354
183,14,8,e-,0,62.309482,17.010686,1.5000348
183,14,8,e-,1,62.309549,17.010728,1.5000847
183,13,8,e-,0,51.510273,16.114869,8.7950567
183,13,8,e-,1,51.510398,16.114785,8.7954876
184,1,0,gamma,0,16.083647,25.888082,4.6783709
184,1,0,gamma,1,12.184158,15,7.0859922
184,1,0,gamma,2,10,8.9014346,8.4345342
184,1,0,gamma,3,6.8120146,5.3290705e-15,10.402859
184,1,0,gamma,4,-11.095129,-50,21.459083
184,1,0,gamma,5,-16.780708,-65.875167,24.969471
184,3,1,e+,0,-16.780708,-65.875167,24.969471
184,3,1,e+,1,-55.340089,-63.650495,-36.409229
184,3,1,e+,2,-65.290314,-61.121852,-54.648573
184,3,1,e+,3,-83.275898,-58.331254,-90.43402
184,3,1,e+,4,-140.76239,-35.38508,-238.10772
184,3,1,e+,5,-199.45333,-3.5426423,-382.78976
184,3,1,e+,6,-214.78105,7.7728025,-416.58669
184,3,1,e+,7,-253.87922,34.177324,-500.11982
184,8,3,e-,0,-199.45333,-3.5426423,-382.78976
184,8,3,e-,1,-199.44046,-3.5010065,-382.78505
184,7,3,e-,0,-140.76239,-35.38508,-238.10772
184,7,3,e-,1,-140.76541,-35.360931,-238.10329
184,6,3,e-,0,-83.275898,-58.331254,-90.43402
184,6,3,e-,1,-83.257189,-58.252097,-90.439564
184,5,3,e-,0,-65.290314,-61.121852,-54.648573
184,5,3,e-,1,-65.296705,-61.094117,-54.642749
184,4,3,e-,0,-55.340089,-63.650495,-36.409229
184,4,3,e-,1,-55.389754,-63.73464,-36.395836
184,2,1,e-,0,-16.780708,-65.875167,24.969471
184,2,1,e-,1,-22.533515,-84.042029,30.218129
184,2,1,e-,2,-34.164562,-119.69029,40.152878
184,2,1,e-,3,-44.676696,-152.72313,49.004397
184,2,1,e-,4,-118.12357,-395.61744,112.09995
184,2,1,e-,5,-148.60962,-500.11982,141.10201
184,12,2,e-,0,-118.12357,-395.61744,112.09995
184,12,2,e-,1,-118.15546,-395.60951,112.09942
184,11,2,e-,0,-44.676696,-152.72313,49.004397
184,11,2,e-,1,-44.642631,-152.72383,49.053163
184,10,2,e-,0,-34.164562,-119.69029,40.152878
184,10,2,e-,1,-34.577324,-119.35448,41.495268
184,10,2,e-,2,-34.103471,-119.24332,41.793906
184,10,2,e-,3,-34.087405,-119.23264,41.814068
184,9,2,e-,0,-22.533515,-84.042029,30.218129
184,9,2,e-,1,-22.538627,-84.027293,30.27373
185,1,0,gamma,0,9.3489942,29.781169,8.023912
185,1,0,gamma,1,4.7134679,26.550383,12.8
185,1,0,gamma,2,0,23.265275,17.656393
185,1,0,gamma,3,-3.4393175,20.868201,21.2
185,1,0,gamma,4,-10,16.295654,27.95962
185,1,0,gamma,5,-31.391725,1.3864328,50
185,1,0,gamma,6,-468.26438,-303.09724,500.11982
186,1,0,gamma,0,12.208746,29.752359,10.113682
186,1,0,gamma,1,16.491405,22.134216,12.8
186,1,0,gamma,2,20.502015,15,15.315675
186,1,0,gamma,3,27.969993,1.7156968,20
186,1,0,gamma,4,28.934499,-2.220446e-16,20.604991
186,1,0,gamma,5,50,-37.472059,33.818428
186,1,0,gamma,6,310.08464,-500.11982,196.95778
187,1,0,gamma,0,8.1202711,10.271252,8.6516374
187,1,0,gamma,1,10,11.601574,10.406805
187,1,0,gamma,2,12.563036,13.415485,12.8
187,1,0,gamma,3,14.801937,15,14.890539
187,1,0,gamma,4,20.274007,18.872693,20
187,1,0,gamma,5,21.559168,19.782228,21.2
187,1,0,gamma,6,28.931819,25,28.084099
187,1,0,gamma,7,30,25.755973,29.081496
187,1,0,gamma,8,30.555301,26.148971,29.6
187,1,0,gamma,9,30.983689,26.452149,30
187,1,0,gamma,10,35.996761,30,34.680879
187,1,0,gamma,11,39.551434,32.515713,38
187,1,0,gamma,12,48.547567,38.882456,46.4
187,1,0,gamma,13,50,39.910372,47.756187
187,1,0,gamma,14,57.191585,45,54.471218
187,1,0,gamma,15,57.5437,45.249199,54.8
187,1,0,gamma,16,66.539833,51.615942,63.2
187,1,0,gamma,17,70,54.064771,66.430877
187,1,0,gamma,18,75.535966,57.982684,71.6
187,1,0,gamma,19,78.386409,60,74.261557
187,1,0,gamma,20,84.532099,64.349427,80
187,1,0,gamma,21,500.11982,358.46915,468.04861
188,1,0,gamma,0,14.263333,11.632956,13.437524
188,1,0,gamma,1,14.582838,13.099952,12.8
188,1,0,gamma,2,14.99666,15,11.974282
188,1,0,gamma,3,18.263591,30,5.4556161
188,1,0,gamma,4,18.792629,32.429062,4.4
188,1,0,gamma,5,20.997758,42.553833,0
188,1,0,gamma,6,21.530522,45,-1.0630495
188,1,0,gamma,7,22.619499,50,-3.235938
188,1,0,gamma,8,23.00242,51.758171,-4
188,1,0,gamma,9,120.65352,500.11982,-198.84797
189,1,0,gamma,0,2.0651275,18.03897,15.761264
189,1,0,gamma,1,10,23.844968,19.553153
189,1,0,gamma,2,10.935068,24.529163,20
189,1,0,gamma,3,11.578546,25,20.307503
189,1,0,gamma,4,13.446176,26.366557,21.2
189,1,0,gamma,5,18.411887,30,23.572997
189,1,0,gamma,6,30,38.479097,29.110684
189,1,0,gamma,7,31.023939,39.228319,29.6
189,1,0,gamma,8,31.860975,39.840784,30
189,1,0,gamma,9,38.911911,45,33.369477
189,1,0,gamma,10,45.745253,50,36.63497
189,1,0,gamma,11,48.601701,52.090082,38
189,1,0,gamma,12,50,53.113226,38.668214
189,1,0,gamma,13,59.411936,60,43.165957
189,1,0,gamma,14,66.179463,64.951844,46.4
189,1,0,gamma,15,70,67.747355,48.225745
189,1,0,gamma,16,79.91196,75,52.962438
189,1,0,gamma,17,83.757226,77.813606,54.8
189,1,0,gamma,18,90,82.381484,57.783275
189,1,0,gamma,19,100.41198,90,62.758918
189,1,0,gamma,20,101.33499,90.675368,63.2
189,1,0,gamma,21,110,97.015613,67.340806
189,1,0,gamma,22,118.91275,103.53713,71.6
189,1,0,gamma,23,120.91201,105,72.555398
189,1,0,gamma,24,130,111.64974,76.898336
189,1,0,gamma,25,136.49051,116.39889,80
189,1,0,gamma,26,500.11982,382.4688,253.76991
190,1,0,gamma,0,15.743772,22.415275,17.821479
190,1,0,gamma,1,13.878977,18.053663,12.8
190,1,0,gamma,2,12.573393,15,9.2843501
190,1,0,gamma,3,10.759523,10.757496,4.4
190,1,0,gamma,4,10,8.9810307,2.3547737
190,1,0,gamma,5,9.1255226,6.935695,0
190,1,0,gamma,6,7.640068,3.4613301,-4
190,1,0,gamma,7,-9.4426603,-36.493866,-50
190,1,0,gamma,8,-176.6008,-427.46399,-500.11982
191,1,0,gamma,0,13.52864,27.885952,15.035918
191,1,0,gamma,1,13.226175,27.533692,12.8
191,1,0,gamma,2,12.08986,26.210307,4.4
191,1,0,gamma,3,11.494648,25.517105,0
191,1,0,gamma,4,10.953546,24.886921,-4
191,1,0,gamma,5,4.7308709,17.63981,-50
191,1,0,gamma,6,-56.159328,-53.274722,-500.11982
192,1,0,gamma,0,11.925806,10.926778,6.2626333
192,1,0,gamma,1,10.223498,15,6.3882419
192,1,0,gamma,2,10,15.534778,6.4047332
192,1,0,gamma,3,3.9545976,30,6.8508069
192,1,0,gamma,4,0,39.462419,7.1426058
192,1,0,gamma,5,-2.3143027,45,7.3133718
192,1,0,gamma,6,-4.4039362,50,7.4675602
192,1,0,gamma,7,-8.5832031,60,7.7759368
192,1,0,gamma,8,-10,63.390061,7.8804784
192,1,0,gamma,9,-192.52102,500.11982,21.348204
193,1,0,gamma,0,5.1756375,11.270333,10.720025
193,1,0,gamma,1,7.6237702,15,6.0549075
193,1,0,gamma,2,8.4922228,16.323065,4.4
193,1,0,gamma,3,10,18.620125,1.5268071
193,1,0,gamma,4,10.801229,19.840777,0
193,1,0,gamma,5,12.900325,23.038696,-4
193,1,0,gamma,6,30.597573,50,-37.723555
193,1,0,gamma,7,273.25116,419.67651,-500.11982
194,1,0,gamma,0,12.698178,29.371473,12.212537
194,1,0,gamma,1,14.336847,25.926524,12.8
194,1,0,gamma,2,19.534297,15,14.663287
194,1,0,gamma,3,26.669388,0,17.221219
194,1,0,gamma,4,50,-49.04761,25.58525
194,1,0,gamma,5,264.56276,-500.11982,102.50606
195,1,0,gamma,0,7.4593449,28.1743,15.169709
195,1,0,gamma,1,3.8543371,26.248779,12.8
195,1,0,gamma,2,0,24.190085,10.266397
195,1,0,gamma,3,-8.9244736,19.42331,4.4
195,1,0,gamma,4,-10,18.848845,3.6930155
195,1,0,gamma,5,-50,-2.516113,-22.600511
195,1,0,gamma,6,-500.11982,-242.93589,-318.48144
196,1,0,gamma,0,2.7919231,13.157783,8.8919874
196,1,0,gamma,1,3.7278617,15,8.3570938
196,1,0,gamma,2,10,27.345512,4.7725353
196,1,0,gamma,3,10.65185,28.628554,4.4
196,1,0,gamma,4,11.348613,30,4.0017965
196,1,0,gamma,5,18.35082,43.782514,0
196,1,0,gamma,6,18.969363,45,-0.35350093
196,1,0,gamma,7,21.509614,50,-1.8052667
196,1,0,gamma,8,25.349883,57.558841,-4
196,1,0,gamma,9,250.19301,500.11982,-132.49898
197,1,0,gamma,0,10.211348,10.102336,11.411234
197,1,0,gamma,1,10,10.242652,11.526254
197,1,0,gamma,2,7.6595061,11.796525,12.8
197,1,0,gamma,3,2.8343305,15,15.425962
197,1,0,gamma,4,0,16.881736,16.968465
197,1,0,gamma,5,-7.7753976,22.043887,21.2
197,1,0,gamma,6,-10,23.52082,22.410676
197,1,0,gamma,7,-49.883787,50,44.116273
197,1,0,gamma,8,-500.11982,348.91548,289.14421
198,1,0,gamma,0,1.0086304,15.978258,8.2734831
198,1,0,gamma,1,8.9961641,16.33628,4.4
198,1,0,gamma,2,10,16.381275,3.9131987
198,1,0,gamma,3,18.069431,16.742968,0
198,1,0,gamma,4,26.317856,17.112685,-4
198,1,0,gamma,5,50,18.174181,-15.484444
198,1,0,gamma,6,500.11982,38.349753,-233.76603
199,1,0,gamma,0,16.084359,15.557902,3.4236528
199,1,0,gamma,1,15.963454,15.61431,4.4
199,1,0,gamma,2,14.923249,16.099616,12.8
199,1,0,gamma,3,14.031645,16.515592,20
199,1,0,gamma,4,13.883044,16.584921,21.2
199,1,0,gamma,5,12.84284,17.070227,29.6
199,1,0,gamma,6,11.802635,17.555533,38
199,1,0,gamma,7,10.76243,18.040838,46.4
199,1,0,gamma,8,10.316628,18.248827,50
199,1,0,gamma,9,10,18.396549,52.556876
199,1,0,gamma,10,9.7222252,18.526144,54.8
199,1,0,gamma,11,8.6820204,19.01145,63.2
199,1,0,gamma,12,7.6418156,19.496756,71.6
199,1,0,gamma,13,6.6016108,19.982061,80
199,1,0,gamma,14,-45.423466,44.254269,500.11982
200,1,0,gamma,0,13.573593,19.601126,0.66885149
200,1,0,gamma,1,12.173449,22.185513,4.4
200,1,0,gamma,2,10,26.197269,10.191879
200,1,0,gamma,3,9.0212814,28.003789,12.8
200,1,0,gamma,4,7.9397938,30,15.681984
200,1,0,gamma,5,6.3194232,32.990882,20
200,1,0,gamma,6,5.8691135,33.822064,21.2
200,1,0,gamma,7,5,35.426275,23.516042
200,1,0,gamma,8,2.7169455,39.64034,29.6
200,1,0,gamma,9,-0.18675847,45,37.337885
200,1,0,gamma,10,-0.43522244,45.458615,38
200,1,0,gamma,11,-2.8956092,50,44.556519
200,1,0,gamma,12,-3.5873904,51.276891,46.4
200,1,0,gamma,13,-6.7395584,57.095166,54.8
200,1,0,gamma,14,-8.3133107,60,58.993787
200,1,0,gamma,15,-9.8917263,62.913441,63.2
200,1,0,gamma,16,-10,63.113293,63.488531
200,1,0,gamma,17,-173.84942,365.54676,500.11982
201,1,0,gamma,0,13.46713,28.606842,6.2715583
201,1,0,gamma,1,21.31148,24.356598,12.8
201,1,0,gamma,2,29.962751,19.669146,20
201,1,0,gamma,3,30,19.648963,20.031
201,1,0,gamma,4,31.404629,18.887904,21.2
201,1,0,gamma,5,38.580235,15,27.171881
201,1,0,gamma,6,41.497779,13.41921,29.6
201,1,0,gamma,7,50,8.8125161,36.675953
201,1,0,gamma,8,51.590929,7.9505155,38
201,1,0,gamma,9,61.684078,2.4818213,46.4
201,1,0,gamma,10,66.264585,0,50.212116
201,1,0,gamma,11,500.11982,-235.07247,411.28711
202,1,0,gamma,0,2.8004007,22.364505,3.4750565
202,1,0,gamma,1,3.6265514,19.929814,4.4
202,1,0,gamma,2,5.2993589,15,6.2728451
202,1,0,gamma,3,10,1.14707,11.535598
202,1,0,gamma,4,10.389229,1.7763568e-15,11.971372
202,1,0,gamma,5,27.355463,-50,30.966462
202,1,0,gamma,6,180.09223,-500.11982,201.96779
203,1,0,gamma,0,10.114607,16.450398,19.348112
203,1,0,gamma,1,10.843825,18.228404,12.8
203,1,0,gamma,2,11.593808,20.057039,6.0654292
203,1,0,gamma,3,10.19209,15,6.2091329
203,1,0,gamma,4,10,14.306988,6.228826
203,1,0,gamma,5,7.7234022,6.0936049,6.4622222
203,1,0,gamma,6,0,10.149071,9.5642535
203,1,0,gamma,7,-8.056325,14.37935,12.8
203,1,0,gamma,8,-9.2383167,15,13.274736
203,1,0,gamma,9,-10,15.399951,13.580659
203,1,0,gamma,10,-50,36.403471,29.646279
203,1,0,gamma,11,-500.11982,272.75598,210.43263
203,3,1,e-,0,7.7234022,6.0936049,6.4622222
203,3,1,e-,1,7.7324344,6.0319424,6.4544749
203,2,1,e-,0,11.593808,20.057039,6.0654292
203,2,1,e-,1,11.629713,20.12355,5.8221043
203,2,1,e-,2,11.74485,20.460938,4.4
203,2,1,e-,3,11.75596,20.738595,3.5879049
203,2,1,e-,4,11.684418,21.22174,2.2795664
203,2,1,e-,5,11.340865,22.021373,0.99709745
203,2,1,e-,6,11.106853,22.705511,2.220446e-16
203,2,1,e-,7,11.554706,24.242293,-4
203,2,1,e-,8,16.915972,41.955169,-50
203,2,1,e-,9,20.832568,64.591084,-102.38761
203,2,1,e-,10,23.915965,88.885156,-162.09792
203,2,1,e-,11,26.517477,104.24427,-198.73595
203,2,1,e-,12,26.84394,156.48269,-316.62274
203,2,1,e-,13,14.165506,231.47424,-500.11982
203,11,2,e-,0,26.84394,156.48269,-316.62274
203,11,2,e-,1,26.953725,156.71228,-316.55589
203,11,2,e-,2,26.836375,156.74014,-316.36771
203,12,11,e-,0,26.953725,156.71228,-316.55589
203,12,11,e-,1,26.943243,156.73993,-316.56644
203,10,2,e-,0,26.517477,104.24427,-198.73595
203,10,2,e-,1,26.537937,104.23274,-198.74053
203,9,2,e-,0,23.915965,88.885156,-162.09792
203,9,2,e-,1,24.648777,89.215211,-161.9991
203,9,2,e-,2,24.897631,89.166896,-161.86966
203,8,2,e-,0,20.832568,64.591084,-102.38761
203,8,2,e-,1,20.793873,64.639904,-102.37277
203,7,2,gamma,0,11.340865,22.021373,0.99709745
203,7,2,gamma,1,11.06734,22.764276,2.220446e-16
203,7,2,gamma,2,10,25.663211,-3.8908465
203,7,2,gamma,3,9.9700569,25.744538,-4
203,7,2,gamma,4,1.0395939,50,-36.554805
203,7,2,gamma,5,-126.12597,395.3863,-500.11982
203,6,2,gamma,0,11.684418,21.22174,2.2795664
203,6,2,gamma,1,11.683503,21.223206,2.2758799
203,13,6,e-,0,11.683503,21.223206,2.2758799
203,13,6,e-,1,11.683517,21.223196,2.275886
203,13,6,e-,2,11.683591,21.223157,2.2759456
203,5,2,gamma,0,11.75596,20.738595,3.5879049
203,5,2,gamma,1,11.755496,20.74895,3.5639496
203,14,5,e-,0,11.755496,20.74895,3.5639496
203,14,5,e-,1,11.755547,20.748945,3.5639403
203,14,5,e-,2,11.755957,20.748987,3.5639623
203,4,2,e-,0,11.629713,20.12355,5.8221043
203,4,2,e-,1,11.824151,20.379347,5.1817555
203,4,2,e-,2,11.965495,20.353146,4.7689167
203,4,2,e-,3,11.983424,20.316228,4.5829229
203,4,2,e-,4,11.982955,20.337163,4.5489013
204,1,0,gamma,0,1.2925712,24.787743,11.121694
204,1,0,gamma,1,2.2580681,25.023108,12.8
204,1,0,gamma,2,6.4000893,26.032832,20
204,1,0,gamma,3,7.0904262,26.20112,21.2
204,1,0,gamma,4,10,26.910403,26.257659
204,1,0,gamma,5,11.922784,27.379131,29.6
204,1,0,gamma,6,15,28.129282,34.949068
204,1,0,gamma,7,16.755142,28.557143,38
204,1,0,gamma,8,21.5875,29.735154,46.4
204,1,0,gamma,9,22.673932,30,48.288524
204,1,0,gamma,10,23.658511,30.240016,50
204,1,0,gamma,11,26.419858,30.913166,54.8
204,1,0,gamma,12,30,31.785918,61.023295
204,1,0,gamma,13,31.252216,32.091178,63.2
204,1,0,gamma,14,36.084575,33.269189,71.6
204,1,0,gamma,15,40.916933,34.447201,80
204,1,0,gamma,16,282.60376,93.364583,500.11982
205,1,0,gamma,0,17.950918,22.827006,15.365719
205,1,0,gamma,1,17.45899,22.19772,12.8
205,1,0,gamma,2,15.848449,20.137479,4.4
205,1,0,gamma,3,15.004832,19.058305,0
205,1,0,gamma,4,14.237907,18.077238,-4
205,1,0,gamma,5,5.4182762,6.7949645,-50
205,1,0,gamma,6,-80.883698,-103.60449,-500.11982
206,1,0,gamma,0,6.8861602,28.601049,14.04054
206,1,0,gamma,1,7.4719194,28.732821,12.8
206,1,0,gamma,2,10,29.301538,7.4459504
206,1,0,gamma,3,11.43824,29.625084,4.4
206,1,0,gamma,4,13.104828,30,0.8704461
206,1,0,gamma,5,13.515836,30.09246,0
206,1,0,gamma,6,15.40456,30.517348,-4
206,1,0,gamma,7,37.124887,35.403551,-50
206,1,0,gamma,8,249.66292,83.21609,-500.11982
207,1,0,gamma,0,3.2840662,18.110017,2.8359091
207,1,0,gamma,1,4.7696768,20.266978,4.4
207,1,0,gamma,2,10,27.860894,9.9066256
207,1,0,gamma,3,11.473313,30,11.45777
207,1,0,gamma,4,12.748195,31.851004,12.8
207,1,0,gamma,5,19.586926,41.780168,20
207,1,0,gamma,6,20.726714,43.435029,21.2
207,1,0,gamma,7,21.804591,45,22.334817
207,1,0,gamma,8,25.24835,50,25.9605
207,1,0,gamma,9,28.705233,55.019055,29.6
207,1,0,gamma,10,29.085162,55.570675,30
207,1,0,gamma,11,30,56.89893,30.963166
207,1,0,gamma,12,32.135868,60,33.211865
207,1,0,gamma,13,36.683751,66.60308,38
207,1,0,gamma,14,42.467145,75,44.088913
207,1,0,gamma,15,44.66227,78.187106,46.4
207,1,0,gamma,16,50,85.936966,52.019706
207,1,0,gamma,17,52.640789,89.771132,54.8
207,1,0,gamma,18,52.798422,90,54.965961
207,1,0,gamma,19,60.619308,101.35516,63.2
207,1,0,gamma,20,63.1297,105,65.843009
207,1,0,gamma,21,68.597826,112.93918,71.6
207,1,0,gamma,22,70,114.975,73.076246
207,1,0,gamma,23,73.460977,120,76.720056
207,1,0,gamma,24,76.576345,124.52321,80
207,1,0,gamma,25,335.26919,500.11982,352.35882
208,1,0,gamma,0,19.531493,17.125611,9.0573786
208,1,0,gamma,1,12.21554,18.260947,4.4
208,1,0,gamma,2,10,18.604769,2.9895743
208,1,0,gamma,3,5.3038851,19.333542,0
208,1,0,gamma,4,-0.97943734,20.308627,-4
208,1,0,gamma,5,-50,27.915948,-35.206778
208,1,0,gamma,6,-500.11982,97.768389,-321.7557
209,1,0,gamma,0,17.318482,21.517377,16.643598
209,1,0,gamma,1,16.99047,22.242049,12.8
209,1,0,gamma,2,16.409885,23.524731,5.9967666
209,1,0,gamma,3,10.767751,15,10.192595
209,1,0,gamma,4,10,13.84,10.763541
209,1,0,gamma,5,7.2615723,9.7024944,12.8
209,1,0,gamma,6,3.548362,4.0921842,15.561366
209,1,0,gamma,7,1.4087402,5.1739094,19.986703
209,4,1,e-,0,1.4087402,5.1739094,19.986703
209,4,1,e-,1,1.4057004,5.1776606,19.996781
209,4,1,e-,2,1.4040933,5.1799388,20
209,4,1,e-,3,0.375578,6.6106901,21.2
209,4,1,e-,4,-4.9165915,15,27.580939
209,4,1,e-,5,-6.3732328,18.087095,29.6
209,4,1,e-,6,-10,25.955069,35.095141
209,4,1,e-,7,-18.7555,46.86017,50
209,4,1,e-,8,-34.767992,141.29768,119.64155
209,4,1,e-,9,-22.515851,159.0259,140.23436
209,4,1,e-,10,-5.676885,203.03608,209.70106
209,4,1,e-,11,-3.7800622,218.08382,226.9617
209,4,1,e-,12,2.1315208,226.85573,236.8716
209,4,1,e-,13,2.9319704,227.05754,237.86975
209,4,1,e-,14,23.224965,232.33713,262.98798
209,4,1,e-,15,30.853526,234.48371,281.12126
209,4,1,e-,16,32.297554,235.99494,283.40589
209,4,1,e-,17,39.587394,242.35073,298.21191
209,4,1,e-,18,44.781223,242.19277,305.59461
209,4,1,e-,19,45.59077,241.99766,305.85975
209,4,1,e-,20,55.907257,239.71641,308.95584
209,4,1,e-,21,61.819382,233.8572,304.63866
209,4,1,e-,22,62.628991,230.26043,298.31049
209,4,1,e-,23,59.862385,230.43667,303.07436
209,4,1,e-,24,59.042811,230.82585,304.85473
209,4,1,e-,25,58.425953,231.24923,305.83137
209,4,1,e-,26,57.264026,231.3322,306.87252
209,4,1,e-,27,55.623398,231.31984,307.91791
209,4,1,e-,28,55.724797,230.78109,308.83326
209,4,1,e-,29,55.839082,230.42201,309.2121
209,16,4,e-,0,55.724797,230.78109,308.83326
209,16,4,e-,1,55.688403,230.74899,308.81406
209,15,4,e-,0,57.264026,231.3322,306.87252
209,15,4,e-,1,57.21101,231.43493,306.79231
209,14,4,e-,0,58.425953,231.24923,305.83137
209,14,4,e-,1,58.441166,231.24872,305.84854
209,13,4,e-,0,59.042811,230.82585,304.85473
209,13,4,e-,1,58.947018,230.78434,304.81329
209,12,4,e-,0,62.628991,230.26043,298.31049
209,12,4,e-,1,62.670477,230.09361,298.34289
209,11,4,e-,0,44.781223,242.19277,305.59461
209,11,4,e-,1,44.771605,242.19384,305.62563
209,10,4,e-,0,32.297554,235.99494,283.40589
209,10,4,e-,1,32.341277,236.76688,283.07636
209,10,4,e-,2,32.30232,236.69825,283.2195
209,9,4,e-,0,30.853526,234.48371,281.12126
209,9,4,e-,1,30.878294,234.49587,281.09805
209,8,4,e-,0,2.1315208,226.85573,236.8716
209,8,4,e-,1,1.3028087,229.59432,237.14403
209,8,4,e-,2,-0.19874719,230.74809,238.07199
209,8,4,e-,3,-0.65189114,230.9275,238.41469
209,8,4,e-,4,-1.3584141,231.42658,238.85079
209,8,4,e-,5,-1.365454,231.53092,238.88093
209,17,8,e-,0,-0.65189114,230.9275,238.41469
209,17,8,e-,1,-0.63351379,230.93484,238.43627
209,7,4,e-,0,-3.7800622,218.08382,226.9617
209,7,4,e-,1,-5.9917556,219.76926,227.45089
209,7,4,e-,2,-6.8628902,219.95755,226.9333
209,7,4,e-,3,-7.3974375,219.91734,226.59506
209,7,4,e-,4,-7.6316385,219.08781,227.12471
209,7,4,e-,5,-7.6256905,218.97946,227.32314
209,7,4,e-,6,-7.6676085,218.9799,227.304
209,20,7,e-,0,-7.6256905,218.97946,227.32314
209,20,7,e-,1,-7.635338,218.9856,227.34433
209,19,7,e-,0,-7.3974375,219.91734,226.59506
209,19,7,e-,1,-7.5078854,219.92081,226.5528
209,18,7,e-,0,-6.8628902,219.95755,226.9333
209,18,7,e-,1,-6.8051365,219.97905,226.83824
209,6,4,e-,0,-22.515851,159.0259,140.23436
209,6,4,e-,1,-22.465353,159.05548,140.16836
209,5,4,e-,0,-34.767992,141.29768,119.64155
209,5,4,e-,1,-34.76585,140.91923,119.91409
209,3,1,e-,0,3.548362,4.0921842,15.561366
209,3,1,e-,1,3.5436142,4.0710745,15.555742
209,2,1,e-,0,16.409885,23.524731,5.9967666
209,2,1,e-,1,16.301371,23.861557,4.4
209,2,1,e-,2,16.848586,23.685311,0
209,2,1,e-,3,16.899657,22.820295,-4
209,2,1,e-,4,17.689,12.554397,-50
209,2,1,e-,5,17.939112,8.6497185,-69.900215
209,2,1,e-,6,18.314548,3.6499307,-93.672551
209,2,1,e-,7,30.832023,-72.367096,-423.58014
209,2,1,e-,8,33.820858,-89.908037,-500.11982
209,23,2,e-,0,30.832023,-72.367096,-423.58014
209,23,2,e-,1,30.839873,-72.346105,-423.58536
209,22,2,e-,0,18.314548,3.6499307,-93.672551
209,22,2,e-,1,18.330614,3.5909615,-93.663178
209,21,2,e-,0,17.939112,8.6497185,-69.900215
209,21,2,e-,1,17.959673,8.6926976,-69.910492
210,1,0,gamma,0,7.9901976,23.371946,19.197319
210,1,0,gamma,1,5.9030051,26.192567,12.8
210,1,0,gamma,2,3.1624169,29.896184,4.4
210,1,0,gamma,3,3.0855956,30,4.1645401
210,1,0,gamma,4,1.7268707,31.836174,0
210,1,0,gamma,5,0.42182865,33.599801,-4
210,1,0,gamma,6,-11.713928,50,-41.196523
210,1,0,gamma,7,-161.44247,252.34239,-500.11982
211,1,0,gamma,0,18.519006,20.006703,4.7629693
211,1,0,gamma,1,10,29.111065,10.410127
211,1,0,gamma,2,9.1682184,30,10.961506
211,1,0,gamma,3,6.3947627,32.964025,12.8
211,1,0,gamma,4,0,39.798183,17.03902
211,1,0,gamma,5,-4.8673707,45,20.265547
211,1,0,gamma,6,-6.2770371,46.506527,21.2
211,1,0,gamma,7,-9.5459004,50,23.366894
211,1,0,gamma,8,-10,50.485302,23.667912
211,1,0,gamma,9,-430.72569,500.11982,302.56245
212,1,0,gamma,0,2.8929773,26.932141,11.198185
212,1,0,gamma,1,6.1446609,15,7.0766161
212,1,0,gamma,2,8.2563587,7.2510678,4.4
212,1,0,gamma,3,10,0.85272877,2.1899023
212,1,0,gamma,4,10.232381,0,1.895355
212,1,0,gamma,5,23.858115,-50,-15.375515
212,1,0,gamma,6,146.52237,-500.11982,-170.85473
213,1,0,gamma,0,16.283974,27.573243,8.2230212
213,1,0,gamma,1,10,23.542877,9.6733672
213,1,0,gamma,2,0,17.129156,11.981375
213,1,0,gamma,3,-3.3196893,15,12.747561
213,1,0,gamma,4,-3.546892,14.854279,12.8
213,1,0,gamma,5,-10,10.715435,14.289382
213,1,0,gamma,6,-50,-14.93945,23.521412
213,1,0,gamma,7,-500.11982,-303.63375,127.4094
214,1,0,gamma,0,17.633999,13.747543,11.62137
214,1,0,gamma,1,17.634066,13.943504,11.413666
214,3,1,e+,0,17.634066,13.943504,11.413666
214,3,1,e+,1,17.466874,15,10.241866
214,3,1,e+,2,17.124883,17.137236,8.0457357
214,3,1,e+,3,16.477521,20.141477,4.473687
214,3,1,e+,4,16.460569,20.076181,4.4
214,3,1,e+,5,14.311989,18.197529,1.6268377
214,3,1,e+,6,12.065605,17.086671,0.2057898
214,3,1,e+,7,12.03046,16.871224,2.7755576e-17
214,3,1,e+,8,11.39097,15,-2.7455251
214,3,1,e+,9,11.083,14.153684,-4
214,3,1,e+,10,-0.079945673,-16.930839,-50
214,3,1,e+,11,-8.0038123,-43.294642,-89.768725
214,3,1,e+,12,-9.3521738,-48.987925,-98.182693
214,3,1,e+,13,-9.7217736,-51.075199,-101.28379
214,3,1,e+,14,-17.106614,-84.020974,-146.84016
214,3,1,e+,15,-30.483905,-123.25953,-192.92682
214,3,1,e+,16,-48.712764,-154.04404,-233.08421
214,3,1,e+,17,-76.835143,-208.85064,-307.60559
214,3,1,e+,18,-158.58671,-306,-497.11292
214,3,1,e+,19,-159.75381,-307.68841,-500.11982
214,12,3,e-,0,-158.58671,-306,-497.11292
214,12,3,e-,1,-158.6077,-306.07233,-497.06831
214,11,3,e-,0,-76.835143,-208.85064,-307.60559
214,11,3,e-,1,-76.554553,-209.24822,-307.55284
214,11,3,e-,2,-76.437251,-209.37366,-307.53831
214,10,3,e-,0,-48.712764,-154.04404,-233.08421
214,10,3,e-,1,-48.736162,-154.03218,-233.08351
214,9,3,e-,0,-30.483905,-123.25953,-192.92682
214,9,3,e-,1,-30.386803,-123.21471,-193.00801
214,8,3,e-,0,-17.106614,-84.020974,-146.84016
214,8,3,e-,1,-17.092163,-84.003537,-146.85867
214,7,3,e-,0,-9.7217736,-51.075199,-101.28379
214,7,3,e-,1,-9.6844662,-51.082963,-101.28529
214,6,3,e-,0,-9.3521738,-48.987925,-98.182693
214,6,3,e-,1,-9.4723612,-49.015591,-98.155943
214,5,3,e-,0,-8.0038123,-43.294642,-89.768725
214,5,3,e-,1,-8.0283785,-43.272305,-89.78092
214,4,3,gamma,0,17.124883,17.137236,8.0457357
214,4,3,gamma,1,17.03897,19.753688,5.1186139
214,13,4,e-,0,17.03897,19.753688,5.1186139
214,13,4,e-,1,17.039052,19.753794,5.1185536
214,13,4,e-,2,17.039853,19.754534,5.1181185
214,2,1,e-,0,17.634066,13.943504,11.413666
214,2,1,e-,1,17.868636,14.508663,11.032058
214,2,1,e-,2,17.824125,15,11.057878
214,2,1,e-,3,17.750123,15.333664,11.028559
214,2,1,e-,4,17.759744,15.61301,11.035439
214,2,1,e-,5,17.766017,15.954104,10.990407
214,2,1,e-,6,17.698163,16.363266,10.787946
214,2,1,e-,7,17.694256,17.212014,10.699223
214,2,1,e-,8,17.787142,18.091684,10.476587
214,2,1,e-,9,17.803717,18.173244,10.278892
215,1,0,gamma,0,12.753512,29.600363,9.4987937
215,1,0,gamma,1,13.640653,25.627698,12.8
215,1,0,gamma,2,15.575525,16.963234,20
215,1,0,gamma,3,15.898003,15.519157,21.2
215,1,0,gamma,4,16.013937,15,21.631409
215,1,0,gamma,5,18.155354,5.4106152,29.6
215,1,0,gamma,6,19.363605,5.3290705e-15,34.096115
215,1,0,gamma,7,23.637491,-19.1387,50
215,1,0,gamma,8,131.04596,-500.11982,449.68589
216,1,0,gamma,0,3.4086721,27.520214,10.027876
216,1,0,gamma,1,4.2722426,19.88318,4.4
216,1,0,gamma,2,4.8244164,15,0.80149143
216,1,0,gamma,3,4.9474014,13.912375,1.110223e-16
216,1,0,gamma,4,5.5611821,8.4843708,-4
216,1,0,gamma,5,12.174401,-50,-47.098248
216,1,0,gamma,6,63.072455,-500.11982,-378.80013
217,1,0,gamma,0,9.7915219,11.762842,4.333805
217,1,0,gamma,1,9.8321387,11.897776,4.4
217,1,0,gamma,2,10,12.455431,4.6735705
217,1,0,gamma,3,10.765947,15,5.9218666
217,1,0,gamma,4,14.98633,29.020618,12.8
217,1,0,gamma,5,15.281137,30,13.280458
217,1,0,gamma,6,19.404209,43.697339,20
217,1,0,gamma,7,19.796326,45,20.63905
217,1,0,gamma,8,20.140522,46.143459,21.2
217,1,0,gamma,9,21.30139,50,23.091914
217,1,0,gamma,10,24.311516,60,27.997642
217,1,0,gamma,11,24.92186,62.027635,28.992344
217,1,0,gamma,12,25.770397,63.162669,29.6
217,1,0,gamma,13,26.328961,63.909824,30
217,1,0,gamma,14,30,68.820341,32.628912
217,1,0,gamma,15,34.619834,75,35.937277
217,1,0,gamma,16,37.500242,78.852939,38
217,1,0,gamma,17,45.833643,90,43.967731
217,1,0,gamma,18,49.230087,94.543208,46.4
217,1,0,gamma,19,50,95.573072,46.951352
217,1,0,gamma,20,57.047451,105,51.998186
217,1,0,gamma,21,60.959932,110.23348,54.8
217,1,0,gamma,22,68.261259,120,60.028641
217,1,0,gamma,23,70,122.3258,61.273791
217,1,0,gamma,24,72.689777,125.92375,63.2
217,1,0,gamma,25,79.475067,135,68.059095
217,1,0,gamma,26,84.419623,141.61402,71.6
217,1,0,gamma,27,90,149.07853,75.596231
217,1,0,gamma,28,90.688876,150,76.08955
217,1,0,gamma,29,352.43398,500.11982,263.53097
217,2,1,e-,0,24.92186,62.027635,28.992344
217,2,1,e-,1,24.91736,62.257959,29.073009
217,2,1,e-,2,24.888792,63.647948,29.515688
217,2,1,e-,3,24.859669,63.782383,29.6
217,2,1,e-,4,24.990098,64.410139,29.843582
217,2,1,e-,5,25.105942,64.705863,30
217,2,1,e-,6,26.881005,67.867246,31.491863
217,2,1,e-,7,26.984559,68.139039,31.66877
217,2,1,e-,8,27.140544,68.459451,31.940101
217,2,1,e-,9,27.294525,68.7279,32.06288
217,2,1,e-,10,27.494545,69.034505,32.152902
217,2,1,e-,11,27.724968,69.276998,32.397868
217,2,1,e-,12,27.905068,69.524381,32.682404
217,2,1,e-,13,27.936056,69.842481,32.817177
217,2,1,e-,14,27.89665,69.888252,32.444086
217,2,1,e-,15,28.054456,69.814354,32.112638
217,2,1,e-,16,28.330263,69.747485,31.782457
217,2,1,e-,17,28.230582,70.116069,31.584795
217,3,2,gamma,0,24.91736,62.257959,29.073009
217,3,2,gamma,1,21.236768,73.39975,29.418272
217,3,2,gamma,2,20.70814,75,29.467861
217,3,2,gamma,3,20.601031,75.324236,29.477909
217,3,2,gamma,4,20.45434,75.768296,29.491669
217,3,2,gamma,5,19.299509,79.26417,29.6
217,3,2,gamma,6,15.753023,90,29.932684
217,3,2,gamma,7,15.035414,92.172328,30
217,3,2,gamma,8,15,92.279532,30.003322
217,3,2,gamma,9,10.797907,105,30.397506
217,3,2,gamma,10,10,107.4154,30.472355
217,3,2,gamma,11,5.8427901,120,30.862328
217,3,2,gamma,12,5,122.55127,30.941387
217,3,2,gamma,13,0.88767362,135,31.327151
217,3,2,gamma,14,-4.0674429,150,31.791973
217,3,2,gamma,15,-119.72641,500.11982,42.64154
218,1,0,gamma,0,10.546003,26.791326,2.6801797
218,1,0,gamma,1,10.144803,26.280015,4.4
218,1,0,gamma,2,10,26.09547,5.0207239
218,1,0,gamma,3,8.5094238,24.1958,11.410356
218,1,0,gamma,4,9.580449,23.625213,12.8
218,1,0,gamma,5,10,23.401697,13.344363
218,1,0,gamma,6,15.129627,20.668896,20
218,1,0,gamma,7,16.05449,20.176177,21.2
218,1,0,gamma,8,22.52853,16.727141,29.6
218,1,0,gamma,9,25.770474,15,33.806388
218,1,0,gamma,10,29.002571,13.278105,38
218,1,0,gamma,11,30,12.746726,39.294154
218,1,0,gamma,12,35.476612,9.8290689,46.4
218,1,0,gamma,13,38.2512,8.3509106,50
218,1,0,gamma,14,41.950652,6.3800329,54.8
218,1,0,gamma,15,48.424693,2.930997,63.2
218,1,0,gamma,16,50,2.0917543,65.243945
218,1,0,gamma,17,53.926344,6.2172489e-15,70.338335
218,1,0,gamma,18,385.16715,-176.46807,500.11982
218,2,1,e-,0,8.5094238,24.1958,11.410356
218,2,1,e-,1,8.2644273,23.793998,12.228433
218,2,1,e-,2,8.1559886,23.48583,12.8
218,2,1,e-,3,8.1666011,23.299793,13.216028
218,2,1,e-,4,8.1449405,23.19656,13.718214
218,2,1,e-,5,8.1153694,23.147823,14.314308
218,2,1,e-,6,8.4434716,22.641779,15.134749
218,2,1,e-,7,8.2088792,22.514363,15.919632
218,2,1,e-,8,8.5588282,22.449265,16.691391
218,2,1,e-,9,8.7634559,22.331991,16.827668
219,1,0,gamma,0,10.941656,13.414117,17.465884
219,1,0,gamma,1,11.791766,15,15.971342
219,1,0,gamma,2,13.595655,18.365163,12.8
219,1,0,gamma,3,18.373653,27.27854,4.4
219,1,0,gamma,4,19.832487,30,1.8352855
219,1,0,gamma,5,20.876415,31.947451,0
219,1,0,gamma,6,23.151652,36.191917,-4
219,1,0,gamma,7,30.553448,50,-17.01279
219,1,0,gamma,8,271.83931,500.11982,-441.2074
220,1,0,gamma,0,19.675543,20.1495,12.522206
220,1,0,gamma,1,11.225542,20.941743,4.4
220,1,0,gamma,2,10,21.056645,3.2219991
220,1,0,gamma,3,6.6479681,21.37092,0
220,1,0,gamma,4,2.4865369,21.761082,-4
220,1,0,gamma,5,-45.369922,26.247938,-50
220,1,0,gamma,6,-500.11982,68.883718,-487.10913
221,1,0,gamma,0,1.9723378,23.547541,5.2071308
221,1,0,gamma,1,2.1619265,23.75966,5.2374076
221,3,1,e+,0,2.1619265,23.75966,5.2374076
221,3,1,e+,1,5.0889882,27.234486,7.2437125
221,3,1,e+,2,5.577454,27.755818,7.3911351
221,3,1,e+,3,7.6101569,30,7.7016883
221,3,1,e+,4,7.6101569,30,7.7016883
221,3,1,e+,5,8.540656,29.505667,8.4617599
221,3,1,e+,6,8.5827911,28.121482,7.2401708
221,3,1,e+,7,9.335824,28.072346,6.0309426
221,3,1,e+,8,10,28.470005,5.5014083
221,3,1,e+,9,10.060715,28.490512,5.4165285
221,3,1,e+,10,10.141555,28.528905,5.3345163
221,3,1,e+,11,10.188818,28.565971,5.2541379
221,3,1,e+,12,10.209446,28.628933,5.1877739
221,3,1,e+,13,10.141146,28.709734,5.1959093
221,3,1,e+,14,10.069072,28.824318,5.2124027
221,3,1,e+,15,10,28.887084,5.2144458
221,3,1,e+,16,9.9775012,28.900691,5.2235736
221,3,1,e+,17,9.955888,28.917111,5.2445179
221,3,1,e+,18,9.9385936,28.937689,5.2674709
221,3,1,e+,19,9.9203151,28.925491,5.3062182
221,3,1,e+,20,9.9081654,28.919628,5.3481169
221,3,1,e+,21,9.8934895,28.920801,5.3891131
221,3,1,e+,22,9.8497585,28.944836,5.435226
221,3,1,e+,23,9.7795903,28.948041,5.4663113
221,3,1,e+,24,9.6885473,28.901105,5.5193771
221,3,1,e+,25,9.6013086,28.772862,5.556824
221,3,1,e+,26,9.6013086,28.772862,5.556824
221,7,3,gamma,0,9.6013086,28.772862,5.556824
221,7,3,gamma,1,10,28.856185,4.7628197
221,7,3,gamma,2,10.182182,28.894259,4.4
221,7,3,gamma,3,12.391543,29.355995,0
221,7,3,gamma,4,14.400053,29.775755,-4
221,7,3,gamma,5,37.49792,34.602991,-50
221,7,3,gamma,6,263.51548,81.838533,-500.11982
221,6,3,gamma,0,9.6013086,28.772862,5.556824
221,6,3,gamma,1,5.9643104,28.012764,12.8
221,6,3,gamma,2,2.3489921,27.257196,20
221,6,3,gamma,3,1.746439,27.131268,21.2
221,6,3,gamma,4,-2.4714323,26.249773,29.6
221,6,3,gamma,5,-6.6893037,25.368278,38
221,6,3,gamma,6,-10,24.676373,44.593337
221,6,3,gamma,7,-12.714834,24.108998,50
221,6,3,gamma,8,-238.73239,-23.126543,500.11982
221,5,3,gamma,0,9.335824,28.072346,6.0309426
221,5,3,gamma,1,9.3579401,28.102203,5.9925528
221,8,5,e-,0,9.3579401,28.102203,5.9925528
221,8,5,e-,1,9.3579294,28.102214,5.9925456
221,8,5,e-,2,9.3578906,28.102283,5.9924979
221,4,3,gamma,0,5.577454,27.755818,7.3911351
221,4,3,gamma,1,5.6530346,27.822557,7.4088427
221,9,4,e-,0,5.6530346,27.822557,7.4088427
221,9,4,e-,1,5.6530521,27.822539,7.4088491
221,9,4,e-,2,5.6531781,27.822392,7.4088628
221,2,1,e-,0,2.1619265,23.75966,5.2374076
221,2,1,e-,1,2.8058418,25.124561,5.3306203
221,2,1,e-,2,3.7254644,26.5863,4.9594324
221,2,1,e-,3,4.016026,26.620555,4.8648095
221,2,1,e-,4,5.091339,27.119529,5.2413879
221,2,1,e-,5,6.2596225,27.489082,5.153057
221,2,1,e-,6,6.2862384,27.493556,5.1452814
221,10,2,e-,0,4.016026,26.620555,4.8648095
221,10,2,e-,1,4.1810358,26.698873,4.588473
221,10,2,e-,2,4.2316385,26.749166,4.5247645
221,10,2,e-,3,4.3019701,26.798944,4.4989213
221,10,2,e-,4,4.3713715,26.834776,4.4631474
221,10,2,e-,5,4.4349746,26.854564,4.4
221,10,2,e-,6,4.462614,26.854239,4.376361
221,10,2,e-,7,4.47619,26.853451,4.3434453
221,10,2,e-,8,4.4873762,26.84696,4.3173427
221,10,2,e-,9,4.4934174,26.846313,4.267553
221,10,2,e-,10,4.4721013,26.863097,4.2032896
221,10,2,e-,11,4.3846462,26.882602,4.1368992
221,10,2,e-,12,4.2995961,26.82792,4.0337958
221,10,2,e-,13,4.295345,26.678215,3.9849428
222,1,0,gamma,0,5.2814212,17.215341,1.6345541
222,1,0,gamma,1,7.5719836,19.552477,4.4
222,1,0,gamma,2,10,22.029863,7.3313972
222,1,0,gamma,3,14.529532,26.651495,12.8
222,1,0,gamma,4,17.811307,30,16.762159
222,1,0,gamma,5,20.493145,32.736368,20
222,1,0,gamma,6,21.48708,33.750513,21.2
222,1,0,gamma,7,28.444629,40.849531,29.6
222,1,0,gamma,8,28.77594,41.18758,30
222,1,0,gamma,9,30,42.436529,31.477834
222,1,0,gamma,10,32.512386,45,34.511093
222,1,0,gamma,11,35.402177,47.948549,38
222,1,0,gamma,12,37.412746,50,40.427404
222,1,0,gamma,13,42.359725,55.047567,46.4
222,1,0,gamma,14,47.213466,60,52.260027
222,1,0,gamma,15,49.317274,62.146585,54.8
222,1,0,gamma,16,50,62.843194,55.62427
222,1,0,gamma,17,56.274822,69.245603,63.2
222,1,0,gamma,18,61.914545,75,70.00896
222,1,0,gamma,19,63.23237,76.344621,71.6
222,1,0,gamma,20,70,83.249859,79.770707
222,1,0,gamma,21,70.189919,83.443639,80
222,1,0,gamma,22,418.16658,438.4958,500.11982
223,1,0,gamma,0,5.733764,11.285668,7.5793275
223,1,0,gamma,1,10,10.679484,10.235811
223,1,0,gamma,2,14.118015,10.094359,12.8
223,1,0,gamma,3,25.681009,8.4513862,20
223,1,0,gamma,4,27.608175,8.1775574,21.2
223,1,0,gamma,5,30,7.8377056,22.689332
223,1,0,gamma,6,41.098335,6.2607554,29.6
223,1,0,gamma,7,50,4.9959275,35.142854
223,1,0,gamma,8,54.588495,4.3439533,38
223,1,0,gamma,9,68.078655,2.4271513,46.4
223,1,0,gamma,10,70,2.1541494,47.596376
223,1,0,gamma,11,81.568814,0.51034926,54.8
223,1,0,gamma,12,85.160575,3.5527137e-15,57.036503
223,1,0,gamma,13,500.11982,-58.961103,315.4217
224,1,0,gamma,0,15.624552,13.736111,4.6029539
224,1,0,gamma,1,14.227205,15,5.4555767
224,1,0,gamma,2,10,18.82347,8.0348998
224,1,0,gamma,3,2.1905657,25.887037,12.8
224,1,0,gamma,4,0,27.868385,14.136622
224,1,0,gamma,5,-2.3567007,30,15.574616
224,1,0,gamma,6,-10,36.913299,20.238345
224,1,0,gamma,7,-24.468575,50,29.066668
224,1,0,gamma,8,-500.11982,480.22246,319.29586
3825,1,0,gamma,0,16.098506,13.113716,13.922666
3825,1,0,gamma,1,14.855805,15,16.129087
3825,1,0,gamma,2,12.675627,18.309271,20
3825,1,0,gamma,3,11.999762,19.33516,21.2
3825,1,0,gamma,4,10,22.37058,24.750585
3825,1,0,gamma,5,8.2677146,25,27.826264
3825,1,0,gamma,6,7.2687101,26.51638,29.6
3825,1,0,gamma,7,5,29.960033,33.628103
3825,1,0,gamma,8,4.9736695,30,33.674853
3825,1,0,gamma,9,2.5376578,33.697599,38
3825,1,0,gamma,10,-2.1933945,40.878819,46.4
3825,1,0,gamma,11,-4.2209884,43.956484,50
3825,1,0,gamma,12,-4.9084659,45,51.220619
3825,1,0,gamma,13,-6.9244469,48.060039,54.8
3825,1,0,gamma,14,-10,52.728392,60.260655
3825,1,0,gamma,15,-257.7377,428.76711,500.11982
3826,1,0,gamma,0,18.374991,21.770658,15.169555
3826,1,0,gamma,1,17.025918,21.771861,12.8
3826,1,0,gamma,2,12.243497,21.776128,4.4
3826,1,0,gamma,3,10,21.778129,0.45944806
3826,1,0,gamma,4,9.7384198,21.778362,1.110223e-16
3826,1,0,gamma,5,7.4610766,21.780394,-4
3826,1,0,gamma,6,-18.72837,21.803759,-50
3826,1,0,gamma,7,-274.99769,22.032384,-500.11982
3827,1,0,gamma,0,18.521925,15.607629,7.1567869
3827,1,0,gamma,1,17.620581,15,7.2288462
3827,1,0,gamma,2,10,9.86269,7.838085
3827,1,0,gamma,3,0,3.1213277,8.6375499
3827,1,0,gamma,4,-4.6301141,0,9.0077113
3827,1,0,gamma,5,-50,-30.585484,12.634874
3827,1,0,gamma,6,-500.11982,-334.02756,48.620374
3828,1,0,gamma,0,10.488409,29.871778,11.519686
3828,1,0,gamma,1,10.933802,28.061749,12.8
3828,1,0,gamma,2,13.438528,17.882824,20
3828,1,0,gamma,3,13.855983,16.186337,21.2
3828,1,0,gamma,4,14.147904,15,22.039148
3828,1,0,gamma,5,16.778163,4.3109248,29.6
3828,1,0,gamma,6,17.838952,0,32.649306
3828,1,0,gamma,7,23.874887,-24.529361,50
3828,1,0,gamma,8,140.90334,-500.11982,386.406
3829,1,0,gamma,0,14.727792,14.147582,3.4123452
3829,1,0,gamma,1,14.896331,14.664799,4.4
3829,1,0,gamma,2,15.005559,15,5.040085
3829,1,0,gamma,3,16.329758,19.063725,12.8
3829,1,0,gamma,4,17.55841,22.834234,20
3829,1,0,gamma,5,17.763185,23.462652,21.2
3829,1,0,gamma,6,18.264143,25,24.135654
3829,1,0,gamma,7,19.196612,27.861578,29.6
3829,1,0,gamma,8,19.26487,28.071051,30
3829,1,0,gamma,9,19.893435,30,33.683438
3829,1,0,gamma,10,20.630039,32.260504,38
3829,1,0,gamma,11,22.063466,36.659431,46.4
3829,1,0,gamma,12,22.677792,38.544685,50
3829,1,0,gamma,13,23.496893,41.058357,54.8
3829,1,0,gamma,14,24.78131,45,62.326792
3829,1,0,gamma,15,24.93032,45.457283,63.2
3829,1,0,gamma,16,26.363747,49.856209,71.6
3829,1,0,gamma,17,27.797174,54.255136,80
3829,1,0,gamma,18,99.488967,274.26419,500.11982
3830,1,0,gamma,0,3.614226,25.746,4.880881
3830,1,0,gamma,1,8.9849059,28.557015,12.8
3830,1,0,gamma,2,10,29.088315,14.296766
3830,1,0,gamma,3,11.74185,30,16.86514
3830,1,0,gamma,4,13.867885,31.112767,20
3830,1,0,gamma,5,14.681715,31.538726,21.2
3830,1,0,gamma,6,20.378525,34.520438,29.6
3830,1,0,gamma,7,20.649801,34.662424,30
3830,1,0,gamma,8,26.075334,37.502149,38
3830,1,0,gamma,9,30,39.556321,43.786958
3830,1,0,gamma,10,31.772143,40.483861,46.4
3830,1,0,gamma,11,34.213633,41.761737,50
3830,1,0,gamma,12,37.468953,43.465572,54.8
3830,1,0,gamma,13,40.400605,45,59.12275
3830,1,0,gamma,14,43.165762,46.447284,63.2
3830,1,0,gamma,15,48.862571,49.428995,71.6
3830,1,0,gamma,16,50,50.024326,73.277149
3830,1,0,gamma,17,54.559381,52.410707,80
3830,1,0,gamma,18,339.48111,201.53881,500.11982
3831,1,0,gamma,0,15.39956,14.250066,3.8532119
3831,1,0,gamma,1,10,14.895218,3.1989786
3831,1,0,gamma,2,9.1230358,15,3.092722
3831,1,0,gamma,3,0,16.090043,1.9873368
3831,1,0,gamma,4,-10,17.284867,0.77569504
3831,1,0,gamma,5,-50,22.064165,-4.0708721
3831,1,0,gamma,6,-500.11982,75.845583,-58.60927
3832,1,0,gamma,0,16.005436,13.660336,14.87272
3832,1,0,gamma,1,10.737141,15,12.933797
3832,1,0,gamma,2,10.373599,15.092444,12.8
3832,1,0,gamma,3,10,15.187446,12.662502
3832,1,0,gamma,4,0,17.730326,8.9821388
3832,1,0,gamma,5,-10,20.273206,5.3017756
3832,1,0,gamma,6,-50,30.444726,-9.4196772
3832,1,0,gamma,7,-500.11982,144.90479,-175.08012
3833,1,0,gamma,0,6.5536912,26.57443,3.2992664
3833,1,0,gamma,1,5.1059198,15,0.053349749
3833,1,0,gamma,2,5.0821243,14.809763,0
3833,1,0,gamma,3,3.2980102,0.54639053,-4
3833,1,0,gamma,4,-3.0245145,-50,-18.175158
3833,1,0,gamma,5,-59.327124,-500.11982,-144.40612
3834,1,0,gamma,0,0.18778524,18.473549,11.179148
3834,1,0,gamma,1,1.2415509,20.552076,12.8
3834,1,0,gamma,2,5.9224913,29.785117,20
3834,1,0,gamma,3,6.031432,30,20.167567
3834,1,0,gamma,4,6.702648,31.323957,21.2
3834,1,0,gamma,5,10,37.827904,26.27183
3834,1,0,gamma,6,12.163745,42.095838,29.6
3834,1,0,gamma,7,13.636089,45,31.864689
3834,1,0,gamma,8,15,47.690282,33.962592
3834,1,0,gamma,9,16.170974,50,35.763729
3834,1,0,gamma,10,17.624842,52.867719,38
3834,1,0,gamma,11,21.240745,60,43.56181
3834,1,0,gamma,12,23.08594,63.6396,46.4
3834,1,0,gamma,13,28.547037,74.411481,54.8
3834,1,0,gamma,14,28.771646,74.854517,55.145483
3834,1,0,gamma,15,28.845402,75,55.258931
3834,1,0,gamma,16,29.299076,75.894861,55.956752
3834,1,0,gamma,17,30,77.277416,57.034879
3834,1,0,gamma,18,34.008134,85.183363,63.2
3834,1,0,gamma,19,36.450059,90,66.956053
3834,1,0,gamma,20,39.469231,95.955244,71.6
3834,1,0,gamma,21,44.054716,105,78.653174
3834,1,0,gamma,22,44.930328,106.72712,80
3834,1,0,gamma,23,244.37142,500.11982,386.7708
3835,1,0,gamma,0,7.9194278,11.71902,4.7945614
3835,1,0,gamma,1,7.6741858,12.193498,4.4
3835,1,0,gamma,2,6.2235984,15,2.0661991
3835,1,0,gamma,3,4.9393403,17.484699,0
3835,1,0,gamma,4,2.4531171,22.294881,-4
3835,1,0,gamma,5,-11.866738,50,-27.038728
3835,1,0,gamma,6,-244.51871,500.11982,-401.34457
3836,1,0,gamma,0,3.7919835,25.407615,15.676111
3836,1,0,gamma,1,8.649779,26.300331,12.8
3836,1,0,gamma,2,10,26.548461,12.000587
3836,1,0,gamma,3,22.837509,28.907609,4.4
3836,1,0,gamma,4,23.646022,29.05619,3.9213108
3836,3,1,e+,0,23.646022,29.05619,3.9213108
3836,3,1,e+,1,25.414909,28.973286,2.9781149
3836,3,1,e+,2,26.900612,28.41466,1.7584964
3836,3,1,e+,3,27.165802,27.507238,0.13050122
3836,3,1,e+,4,27.194422,27.525961,2.7755576e-17
3836,3,1,e+,5,30,29.056165,-2.4382943
3836,3,1,e+,6,31.794346,29.989418,-4
3836,3,1,e+,7,50,41.815093,-14.633856
3836,3,1,e+,8,261.1855,192.92218,-200.51395
3836,3,1,e+,9,298.19924,226.81055,-244.02239
3836,3,1,e+,10,385.11261,382.87259,-385.97967
3836,3,1,e+,11,439.60356,489.37078,-459.11401
3836,3,1,e+,12,445.03249,500.11982,-468.25856
3836,7,3,e-,0,439.60356,489.37078,-459.11401
3836,7,3,e-,1,439.82003,489.45105,-458.91731
3836,6,3,e-,0,385.11261,382.87259,-385.97967
3836,6,3,e-,1,384.9401,382.8202,-386.24895
3836,5,3,e-,0,298.19924,226.81055,-244.02239
3836,5,3,e-,1,300.39702,226.85575,-242.79514
3836,5,3,e-,2,304.31476,227.01181,-239.18542
3836,5,3,e-,3,308.7433,226.91296,-237.53223
3836,5,3,e-,4,311.12186,225.76305,-234.97454
3836,5,3,e-,5,312.18224,223.98966,-233.26151
3836,5,3,e-,6,311.77965,223.19223,-232.62994
3836,5,3,e-,7,310.57892,223.27174,-231.84872
3836,5,3,e-,8,310.02791,222.68853,-231.34001
3836,5,3,e-,9,310.07481,222.59567,-231.2818
3836,9,5,e-,0,311.77965,223.19223,-232.62994
3836,9,5,e-,1,311.74114,223.10906,-232.6796
3836,8,5,e-,0,300.39702,226.85575,-242.79514
3836,8,5,e-,1,300.46909,226.73712,-242.86591
3836,4,3,e-,0,261.1855,192.92218,-200.51395
3836,4,3,e-,1,261.20959,192.99297,-200.45256
3836,2,1,e-,0,23.646022,29.05619,3.9213108
3836,2,1,e-,1,26.14635,28.936587,2.067648
3836,2,1,e-,2,27.511268,28.540886,0
3836,2,1,e-,3,30,28.883764,-1.289405
3836,2,1,e-,4,35.184402,29.60354,-4
3836,2,1,e-,5,50,31.731824,-11.352531
3836,2,1,e-,6,55.251676,32.590247,-13.927609
3836,2,1,e-,7,71.865412,34.946479,-21.817769
3836,2,1,e-,8,134.96522,42.445016,-50.230838
3836,2,1,e-,9,252.95465,48.210066,-95.683421
3836,2,1,e-,10,321.77289,54.083437,-120.41568
3836,2,1,e-,11,334.99869,55.251403,-125.29328
3836,2,1,e-,12,386.04791,59.070641,-144.78571
3836,2,1,e-,13,500.11982,67.578483,-184.5526
3836,17,2,e-,0,386.04791,59.070641,-144.78571
3836,17,2,e-,1,386.05576,59.080309,-144.76341
3836,16,2,e-,0,334.99869,55.251403,-125.29328
3836,16,2,e-,1,334.90085,55.442945,-125.5604
3836,15,2,e-,0,321.77289,54.083437,-120.41568
3836,15,2,e-,1,321.76437,54.107113,-120.43742
3836,14,2,e-,0,252.95465,48.210066,-95.683421
3836,14,2,e-,1,252.97568,48.195438,-95.637219
3836,13,2,e-,0,134.96522,42.445016,-50.230838
3836,13,2,e-,1,134.96449,42.46733,-50.229323
3836,12,2,e-,0,71.865412,34.946479,-21.817769
3836,12,2,e-,1,71.852748,35.019844,-21.831861
3836,11,2,e-,0,55.251676,32.590247,-13.927609
3836,11,2,e-,1,55.242308,32.59483,-13.947143
3836,10,2,gamma,0,26.14635,28.936587,2.067648
3836,10,2,gamma,1,27.537927,28.525499,4.4408921e-16
3836,10,2,gamma,2,30,27.798173,-3.6582251
3836,10,2,gamma,3,30.230023,27.730221,-4
3836,10,2,gamma,4,50,21.889935,-33.374847
3836,10,2,gamma,5,364.13057,-70.907975,-500.11982
3837,1,0,gamma,0,19.704241,17.99252,11.340795
3837,1,0,gamma,1,19.396777,18.119822,12.8
3837,1,0,gamma,2,17.879692,18.747957,20
3837,1,0,gamma,3,17.626845,18.852646,21.2
3837,1,0,gamma,4,15.856913,19.58547,29.6
3837,1,0,gamma,5,14.08698,20.318294,38
3837,1,0,gamma,6,12.317048,21.051118,46.4
3837,1,0,gamma,7,11.558505,21.365185,50
3837,1,0,gamma,8,10.547115,21.783942,54.8
3837,1,0,gamma,9,10,22.01047,57.396578
3837,1,0,gamma,10,8.7771827,22.516766,63.2
3837,1,0,gamma,11,7.0072503,23.24959,71.6
3837,1,0,gamma,12,5.2373178,23.982414,80
3837,1,0,gamma,13,-83.284551,60.63406,500.11982
3838,1,0,gamma,0,8.0040727,10.272844,11.182671
3838,1,0,gamma,1,0,12.787577,7.3808304
3838,1,0,gamma,2,-6.2755882,14.759252,4.4
3838,1,0,gamma,3,-7.041858,15,4.0360309
3838,1,0,gamma,4,-10,15.929394,2.6309483
3838,1,0,gamma,5,-50,28.496662,-16.36858
3838,1,0,gamma,6,-500.11982,169.91607,-230.17019
3839,1,0,gamma,0,16.303548,12.691098,7.3836602
3839,1,0,gamma,1,10,12.727477,9.4729789
3839,1,0,gamma,2,0,12.785189,12.787491
3839,1,0,gamma,3,-0.037739867,12.785407,12.8
3839,1,0,gamma,4,-10,12.8429,16.102003
3839,1,0,gamma,5,-50,13.073747,29.360052
3839,1,0,gamma,6,-500.11982,15.671468,178.55281
3840,1,0,gamma,0,11.724803,16.968531,0.6279537
3840,1,0,gamma,1,10,17.03935,2.2031086
3840,1,0,gamma,2,7.5943928,17.138123,4.4
3840,1,0,gamma,3,0,17.449943,11.335487
3840,1,0,gamma,4,-1.6036495,17.515787,12.8
3840,1,0,gamma,5,-10,17.860535,20.467865
3840,1,0,gamma,6,-42.337837,19.188303,50
3840,1,0,gamma,7,-500.11982,37.984491,468.06381
3841,1,0,gamma,0,0.46361969,21.117697,12.794316
3841,1,0,gamma,1,0.48270364,21.11234,12.8
3841,1,0,gamma,2,10,18.440587,15.634531
3841,1,0,gamma,3,22.256034,15,19.284739
3841,1,0,gamma,4,24.657614,14.325814,20
3841,1,0,gamma,5,28.686766,13.194726,21.2
3841,1,0,gamma,6,30,12.826068,21.59112
3841,1,0,gamma,7,50,7.2115476,27.547708
3841,1,0,gamma,8,56.890829,5.2771128,29.6
3841,1,0,gamma,9,70,1.5970277,33.504297
3841,1,0,gamma,10,75.68892,-4.4408921e-16,35.198625
3841,1,0,gamma,11,500.11982,-119.14879,161.60664
3842,1,0,gamma,0,16.224349,18.087606,17.589482
3842,1,0,gamma,1,10,19.711805,19.572393
3842,1,0,gamma,2,8.6577424,20.062057,20
3842,1,0,gamma,3,4.8909478,21.044975,21.2
3842,1,0,gamma,4,-10,24.93066,25.943858
3842,1,0,gamma,5,-50,35.36837,38.686788
3842,1,0,gamma,6,-500.11982,152.82387,182.08292
3843,1,0,gamma,0,4.3302465,26.698445,5.2057614
3843,1,0,gamma,1,4.1670618,25.858172,4.4
3843,1,0,gamma,2,3.2759633,21.269716,0
3843,1,0,gamma,3,2.4658738,17.098392,-4
3843,1,0,gamma,4,-6.8501557,-30.871836,-50
3843,1,0,gamma,5,-97.98018,-500.11982,-499.97508
3844,1,0,gamma,0,7.6159606,10.330706,10.906153
3844,1,0,gamma,1,6.3253682,14.801165,4.4
3844,1,0,gamma,2,6.2679657,15,4.1106221
3844,1,0,gamma,3,5.4525626,17.824459,0
3844,1,0,gamma,4,4.6591029,20.572909,-4
3844,1,0,gamma,5,-3.8363077,50,-46.827186
3844,1,0,gamma,6,-93.753658,361.46299,-500.11982
3845,1,0,gamma,0,6.0656194,22.708298,18.785543
3845,1,0,gamma,1,9.4330762,15,19.701572
3845,1,0,gamma,2,10,13.70228,19.855789
3845,1,0,gamma,3,10.530143,12.488753,20
3845,1,0,gamma,4,14.941522,2.3908585,21.2
3845,1,0,gamma,5,15.985995,5.3290705e-15,21.484122
3845,1,0,gamma,6,37.829059,-50,27.425955
3845,1,0,gamma,7,234.46897,-500.11982,80.91669
3846,1,0,gamma,0,17.588005,15.290841,5.5004443
3846,1,0,gamma,1,18.918712,23.352215,12.8
3846,1,0,gamma,2,20.016076,30,18.819554
3846,1,0,gamma,3,20.231271,31.303643,20
3846,1,0,gamma,4,20.45003,32.628881,21.2
3846,1,0,gamma,5,21.981348,41.905547,29.6
3846,1,0,gamma,6,22.054268,42.347293,30
3846,1,0,gamma,7,22.492156,45,32.40202
3846,1,0,gamma,8,23.317516,50,36.929509
3846,1,0,gamma,9,23.512666,51.182213,38
3846,1,0,gamma,10,24.968236,60,45.984486
3846,1,0,gamma,11,25.043984,60.458879,46.4
3846,1,0,gamma,12,26.575302,69.735545,54.8
3846,1,0,gamma,13,27.344984,74.398252,59.022071
3846,1,0,gamma,14,27.444316,75,59.566952
3846,1,0,gamma,15,27.548691,75.632304,60.139502
3846,1,0,gamma,16,28.106619,79.012211,63.2
3846,1,0,gamma,17,29.637937,88.288877,71.6
3846,1,0,gamma,18,29.920396,90,73.149418
3846,1,0,gamma,19,30,90.48224,73.586085
3846,1,0,gamma,20,31.169255,97.565543,80
3846,1,0,gamma,21,97.619695,500.11982,444.51198
3847,1,0,gamma,0,6.7092625,29.439141,10.271417
3847,1,0,gamma,1,1.2833702,15,11.305485
3847,1,0,gamma,2,2.220446e-16,11.584753,11.55007
3847,1,0,gamma,3,-4.3532799,0,12.379719
3847,1,0,gamma,4,-23.142114,-50,15.960498
3847,1,0,gamma,5,-192.28664,-500.11982,48.196092
3848,1,0,gamma,0,13.697894,11.060852,7.4667775
3848,1,0,gamma,1,14.069581,13.784759,4.4
3848,1,0,gamma,2,14.235405,15,3.0317915
3848,1,0,gamma,3,14.602852,17.692833,0
3848,1,0,gamma,4,15.087643,21.245627,-4
3848,1,0,gamma,5,19.011283,50,-36.373815
3848,1,0,gamma,6,75.216334,461.8985,-500.11982
3849,1,0,gamma,0,2.5866863,15.048512,14.530513
3849,1,0,gamma,1,4.7235978,23.528989,20
3849,1,0,gamma,2,5.0942633,25,20.948729
3849,1,0,gamma,3,5.1924341,25.389597,21.2
3849,1,0,gamma,4,6.3541639,30,24.173481
3849,1,0,gamma,5,8.4742879,38.413854,29.6
3849,1,0,gamma,6,10,44.468745,33.505104
3849,1,0,gamma,7,10.133866,45,33.847737
3849,1,0,gamma,8,11.393766,50,37.072489
3849,1,0,gamma,9,11.756142,51.438112,38
3849,1,0,gamma,10,13.913567,60,43.521993
3849,1,0,gamma,11,15,64.311581,46.302749
3849,1,0,gamma,12,15.037996,64.462369,46.4
3849,1,0,gamma,13,17.693269,75,53.196249
3849,1,0,gamma,14,18.319849,77.486626,54.8
3849,1,0,gamma,15,21.472971,90,62.870505
3849,1,0,gamma,16,21.601703,90.510884,63.2
3849,1,0,gamma,17,24.883557,103.53514,71.6
3849,1,0,gamma,18,25.252673,105,72.544762
3849,1,0,gamma,19,28.165411,116.5594,80
3849,1,0,gamma,20,124.81501,500.11982,327.37745
3850,1,0,gamma,0,8.1895281,11.462235,14.881472
3850,1,0,gamma,1,10,12.217656,15.87955
3850,1,0,gamma,2,16.668278,15,19.555642
3850,1,0,gamma,3,17.474324,15.336323,20
3850,1,0,gamma,4,19.651074,16.244574,21.2
3850,1,0,gamma,5,30,20.562671,26.905162
3850,1,0,gamma,6,34.888324,22.602327,29.6
3850,1,0,gamma,7,50,28.907685,37.930774
3850,1,0,gamma,8,50.125573,28.96008,38
3850,1,0,gamma,9,52.617886,30,39.373964
3850,1,0,gamma,10,65.362822,35.317834,46.4
3850,1,0,gamma,11,70,37.2527,48.956386
3850,1,0,gamma,12,80.600072,41.675587,54.8
3850,1,0,gamma,13,88.567494,45,59.192286
3850,1,0,gamma,14,90,45.597714,59.981998
3850,1,0,gamma,15,95.837321,48.03334,63.2
3850,1,0,gamma,16,110,53.942729,71.00761
3850,1,0,gamma,17,111.07457,54.391094,71.6
3850,1,0,gamma,18,124.5171,60,79.010607
3850,1,0,gamma,19,126.31182,60.748847,80
3850,1,0,gamma,20,500.11982,216.7205,286.0731
3851,1,0,gamma,0,6.1924809,21.181078,0.82896656
3851,1,0,gamma,1,8.2977957,17.484059,4.4
3851,1,0,gamma,2,9.7123754,15,6.7994092
3851,1,0,gamma,3,10,14.49492,7.2872778
3851,1,0,gamma,4,13.250044,8.7877107,12.8
3851,1,0,gamma,5,17.494828,1.3336974,20
3851,1,0,gamma,6,18.202292,0.091361859,21.2
3851,1,0,gamma,7,18.254319,1.5543122e-15,21.288248
3851,1,0,gamma,8,35.181429,-29.724691,50
3851,1,0,gamma,9,300.55108,-495.72456,500.11982
3852,1,0,gamma,0,8.3307664,29.682215,8.1376441
3852,1,0,gamma,1,7.8754782,27.989501,4.4
3852,1,0,gamma,2,7.3395074,25.996818,0
3852,1,0,gamma,3,6.8522613,24.185288,-4
3852,1,0,gamma,4,1.2489304,3.3526925,-50
3852,1,0,gamma,5,-53.580858,-200.4987,-500.11982
3853,1,0,gamma,0,18.084393,18.405246,15.665628
3853,1,0,gamma,1,10,20.56225,14.527222
3853,1,0,gamma,2,0,23.230359,13.119069
3853,1,0,gamma,3,-2.2658681,23.834917,12.8
3853,1,0,gamma,4,-10,25.898468,11.710916
3853,1,0,gamma,5,-50,36.570903,6.0783035
3853,1,0,gamma,6,-500.11982,156.66777,-57.305457
3854,1,0,gamma,0,3.7825637,12.557627,7.5598012
3854,1,0,gamma,1,5.1463574,15,5.7250356
3854,1,0,gamma,2,6.1312654,16.763839,4.4
3854,1,0,gamma,3,9.4018151,22.620958,8.8817842e-16
3854,1,0,gamma,4,10,23.692228,-0.80476177
3854,1,0,gamma,5,12.375042,27.945612,-4
3854,1,0,gamma,6,24.689965,50,-20.567753
3854,1,0,gamma,7,276.03182,500.11982,-358.7079
3855,1,0,gamma,0,2.3989461,23.189212,15.661529
3855,1,0,gamma,1,1.5731126,21.23962,12.8
3855,1,0,gamma,2,0,17.525884,7.3491347
3855,1,0,gamma,3,-0.85111644,15.516606,4.4
3855,1,0,gamma,4,-1.069947,15,3.641748
3855,1,0,gamma,5,-3.2753455,9.7935911,-4
3855,1,0,gamma,6,-16.550886,-21.546726,-50
3855,1,0,gamma,7,-146.45488,-328.21842,-500.11982
3856,1,0,gamma,0,4.1943452,11.890637,9.2702073
3856,1,0,gamma,1,10,8.9922258,4.4672032
3856,1,0,gamma,2,10.081232,8.9516715,4.4
3856,1,0,gamma,3,15.399754,6.2964568,0
3856,1,0,gamma,4,20.234773,3.8826253,-4
3856,1,0,gamma,5,50,-10.977344,-28.6247
3856,1,0,gamma,6,500.11982,-235.69482,-401.00773
3857,1,0,gamma,0,12.612597,14.92319,1.7902289
3857,1,0,gamma,1,12.571752,15,1.849469
3857,1,0,gamma,2,10.81324,18.306972,4.4
3857,1,0,gamma,3,10,19.836312,5.5795162
3857,1,0,gamma,4,5.0216992,29.19826,12.8
3857,1,0,gamma,5,4.5953666,30,13.418349
3857,1,0,gamma,6,0.05752133,38.533649,20
3857,1,0,gamma,7,-0.76984165,40.089547,21.2
3857,1,0,gamma,8,-3.3810193,45,24.987229
3857,1,0,gamma,9,-6.0398146,50,28.843522
3857,1,0,gamma,10,-6.5613825,50.980835,29.6
3857,1,0,gamma,11,-10,57.44733,34.587341
3857,1,0,gamma,12,-245.3951,500.11982,376.00233
3858,1,0,gamma,0,14.193771,16.099436,1.8025684
3858,1,0,gamma,1,10,18.443451,2.9103315
3858,1,0,gamma,2,5.8053821,20.787939,4.0183183
3858,1,0,gamma,3,4.2637053,21.436693,4.4
3858,1,0,gamma,4,0,23.230903,5.4555897
3858,1,0,gamma,5,-10,27.439005,7.9313465
3858,1,0,gamma,6,-50,44.271413,17.834374
3858,1,0,gamma,7,-500.11982,233.68642,129.27309
3858,2,1,e-,0,5.8053821,20.787939,4.0183183
3858,2,1,e-,1,5.8464837,20.97497,4.0961694
3858,2,1,e-,2,5.9391349,21.001159,4.1970751
3858,2,1,e-,3,6.035564,20.986731,4.2905124
3858,2,1,e-,4,6.0626399,20.9727,4.3382606
3858,2,1,e-,5,6.0761445,20.941557,4.3633005
3858,2,1,e-,6,6.0717026,20.908261,4.385404
3858,2,1,e-,7,6.0668483,20.879937,4.4
3858,2,1,e-,8,6.0545688,20.865894,4.4031754
3858,2,1,e-,9,6.0447009,20.852199,4.4097586
3858,2,1,e-,10,6.0307732,20.842165,4.4137187
3858,2,1,e-,11,6.0151878,20.838783,4.4165968
3858,2,1,e-,12,5.9993613,20.841777,4.4212991
3858,2,1,e-,13,5.9848201,20.846267,4.4237001
3858,2,1,e-,14,5.9669922,20.844408,4.4181263
3858,2,1,e-,15,5.9559702,20.849703,4.4046954
3858,2,1,e-,16,5.9566767,20.851615,4.4
3858,2,1,e-,17,5.9626952,20.853237,4.3896804
3858,2,1,e-,18,5.9689591,20.854936,4.3797773
3858,2,1,e-,19,5.9754529,20.854176,4.3706584
3858,2,1,e-,20,5.9838723,20.856083,4.3563714
3858,2,1,e-,21,6.0001748,20.855736,4.3424466
3858,2,1,e-,22,6.0326643,20.859818,4.3447035
3858,2,1,e-,23,6.0609954,20.864918,4.3544518
3858,2,1,e-,24,6.0826297,20.853862,4.36363
3858,2,1,e-,25,6.0973585,20.857337,4.3778355
3858,2,1,e-,26,6.1048321,20.860461,4.3870164
3858,2,1,e-,27,6.1119162,20.867637,4.3931669
3858,2,1,e-,28,6.1104185,20.868789,4.4
3858,2,1,e-,29,6.1092417,20.870778,4.4014652
3858,2,1,e-,30,6.1078817,20.872925,4.4029677
3858,2,1,e-,31,6.105364,20.874492,4.4034528
3858,2,1,e-,32,6.1032446,20.87578,4.4037807
3858,2,1,e-,33,6.1010043,20.876955,4.4039636
3858,2,1,e-,34,6.0981108,20.877112,4.4040206
3858,2,1,e-,35,6.0964409,20.875259,4.4042863
3858,2,1,e-,36,6.0952385,20.872524,4.4050036
3858,2,1,e-,37,6.0945995,20.869985,4.4047467
3858,2,1,e-,38,6.0939143,20.867247,4.4042736
3858,2,1,e-,39,6.092924,20.865564,4.4026658
3858,2,1,e-,40,6.0918581,20.864194,4.4003035
3858,2,1,e-,41,6.0917192,20.863938,4.4
3858,2,1,e-,42,6.0917851,20.863085,4.3986314
3858,2,1,e-,43,6.0915778,20.862311,4.3970907
3858,2,1,e-,44,6.0912632,20.861831,4.3956554
3858,2,1,e-,45,6.0910711,20.861912,4.3928351
3858,2,1,e-,46,6.0901588,20.862822,4.3894113
3858,2,1,e-,47,6.0919732,20.867912,4.3870419
3858,2,1,e-,48,6.0932138,20.863581,4.3936735
3858,2,1,e-,49,6.0950313,20.865152,4.3909268
3858,2,1,e-,50,6.092515,20.869471,4.3902402
3858,2,1,e-,51,6.0922513,20.871593,4.3921369
3859,1,0,gamma,0,8.3454234,24.361212,1.1545375
3859,1,0,gamma,1,7.0133483,28.179525,4.4
3859,1,0,gamma,2,6.3782487,30,5.947354
3859,1,0,gamma,3,5.8968269,31.379967,7.1202882
3859,3,1,e+,0,5.8968269,31.379967,7.1202882
3859,3,1,e+,1,3.7301435,34.720807,10.168403
3859,5,3,gamma,0,3.7301435,34.720807,10.168403
3859,5,3,gamma,1,2.7855748,38.783001,12.8
3859,5,3,gamma,2,1.3399561,45,16.827538
3859,5,3,gamma,3,0.20125283,49.897085,20
3859,5,3,gamma,4,0.1773223,50,20.066671
3859,5,3,gamma,5,-0.2294675,51.749432,21.2
3859,5,3,gamma,6,-2.1479453,60,26.544938
3859,5,3,gamma,7,-3.2445098,64.715864,29.6
3859,5,3,gamma,8,-5.6358467,75,36.262338
3859,5,3,gamma,9,-6.2595521,77.682295,38
3859,5,3,gamma,10,-9.123748,90,45.979737
3859,5,3,gamma,11,-9.2745944,90.648727,46.4
3859,5,3,gamma,12,-10,93.768392,48.421002
3859,5,3,gamma,13,-104.48758,500.11982,311.66629
3859,4,3,gamma,0,3.7301435,34.720807,10.168403
3859,4,3,gamma,1,5.0731685,34.512916,10.679332
3859,4,3,gamma,2,10,36.137487,9.5573801
3859,4,3,gamma,3,30,42.732276,5.0029251
3859,4,3,gamma,4,32.647628,43.605303,4.4
3859,4,3,gamma,5,36.877321,45,3.4368027
3859,4,3,gamma,6,50,49.327065,0.44846997
3859,4,3,gamma,7,51.969368,49.976444,1.110223e-16
3859,4,3,gamma,8,69.534587,55.768389,-4
3859,4,3,gamma,9,500.11982,197.74933,-102.05405
3859,6,4,e-,0,5.0731685,34.512916,10.679332
3859,6,4,e-,1,5.0795148,34.499484,10.697372
3859,2,1,e-,0,5.8968269,31.379967,7.1202882
3859,2,1,e-,1,6.6815292,33.42062,10.682065
3859,2,1,e-,2,7.7356591,30.847102,9.5071933
3859,2,1,e-,3,7.9459447,30,8.7497368
3859,2,1,e-,4,8.0671113,29.764777,8.5716404
3859,2,1,e-,5,8.177436,29.526137,8.3640718
3859,2,1,e-,6,8.2569779,29.338575,8.0446396
3859,2,1,e-,7,8.4306879,29.126412,7.7506314
3859,2,1,e-,8,8.8461852,28.962115,7.5464648
3859,2,1,e-,9,9.3379629,29.251991,7.380557
3859,2,1,e-,10,9.4497238,29.595185,7.3156359
3859,2,1,e-,11,9.6062704,29.780984,7.5114063
3859,2,1,e-,12,9.7185767,29.95907,7.6281233
3859,2,1,e-,13,9.7414334,30,7.5982284
3859,2,1,e-,14,9.7575082,30.001978,7.5962062
3859,2,1,e-,15,9.7694993,30.006242,7.593116
3859,2,1,e-,16,9.7854983,30.011821,7.5907856
3859,2,1,e-,17,9.8018466,30.012162,7.5877649
3859,2,1,e-,18,9.8176733,30.011639,7.5893445
3859,2,1,e-,19,9.8337273,30.006723,7.5859708
3859,2,1,e-,20,9.8505426,30.004072,7.5860199
3859,2,1,e-,21,9.8672813,30.0017,7.5871587
3859,2,1,e-,22,9.8732939,30,7.5869185
3859,2,1,e-,23,9.8845725,29.997579,7.5879275
3859,2,1,e-,24,9.8932698,29.992162,7.5885796
3859,2,1,e-,25,9.9025056,29.987368,7.5923282
3859,2,1,e-,26,9.9099976,29.983682,7.6001404
3859,2,1,e-,27,9.9149283,29.979101,7.6054819
3859,2,1,e-,28,9.9251109,29.975094,7.6125014
3859,2,1,e-,29,9.9387508,29.977137,7.6185268
3859,2,1,e-,30,9.9466489,29.982961,7.6273962
3859,2,1,e-,31,9.9544047,29.986447,7.6325654
3859,2,1,e-,32,9.963201,29.987875,7.6368292
3859,2,1,e-,33,9.9734596,29.990142,7.638277
3859,2,1,e-,34,9.9830434,29.987106,7.64034
3859,2,1,e-,35,9.9931363,29.982878,7.6399069
3859,2,1,e-,36,10,29.98102,7.6413144
3859,2,1,e-,37,10.003784,29.977074,7.64283
3859,2,1,e-,38,10.00567,29.971336,7.6436954
3859,2,1,e-,39,10.010388,29.96772,7.6436946
3859,2,1,e-,40,10.014527,29.962443,7.6435195
3859,2,1,e-,41,10.020278,29.955586,7.6481895
3859,2,1,e-,42,10.025928,29.958898,7.6589248
3859,2,1,e-,43,10.037326,29.959118,7.6731231
3859,2,1,e-,44,10.030071,29.944603,7.682184
3859,2,1,e-,45,10.030497,29.932327,7.6907452
3859,2,1,e-,46,10.033056,29.922225,7.6980506
3860,1,0,gamma,0,5.0735407,14.878388,17.035559
3860,1,0,gamma,1,5.1294239,15,16.745843
3860,1,0,gamma,2,5.8905353,16.65632,12.8
3860,1,0,gamma,3,7.5108067,20.182333,4.4
3860,1,0,gamma,4,8.3595203,22.029292,0
3860,1,0,gamma,5,9.1310781,23.708345,-4
3860,1,0,gamma,6,18.003993,43.017462,-50
3860,1,0,gamma,7,104.82736,231.96128,-500.11982
3861,1,0,gamma,0,11.093738,10.800174,13.763899
3861,1,0,gamma,1,12.557776,14.197765,12.8
3861,1,0,gamma,2,12.903464,15,12.572405
3861,1,0,gamma,3,19.367037,30,8.3168959
3861,1,0,gamma,4,25.316299,43.806441,4.4
3861,1,0,gamma,5,25.83061,45,4.0613865
3861,1,0,gamma,6,27.985134,50,2.6428834
3861,1,0,gamma,7,30,54.675896,1.3163288
3861,1,0,gamma,8,31.999335,59.315747,0
3861,1,0,gamma,9,32.294182,60,-0.19412293
3861,1,0,gamma,10,38.074822,73.415117,-4
3861,1,0,gamma,11,221.94395,500.11982,-125.05639
3862,1,0,gamma,0,16.129332,26.90736,6.1633779
3862,1,0,gamma,1,11.007496,24.072057,4.4
3862,1,0,gamma,2,10,23.514336,4.0531328
3862,1,0,gamma,3,0,17.97862,0.61026966
3862,1,0,gamma,4,-5.380732,15,-1.2422427
3862,1,0,gamma,5,-10,12.442905,-2.8325935
3862,1,0,gamma,6,-50,-9.6999587,-16.604046
3862,1,0,gamma,7,-500.11982,-258.8735,-171.57414
3863,1,0,gamma,0,5.8104126,28.746363,12.438953
3863,1,0,gamma,1,6.0293744,28.140411,12.8
3863,1,0,gamma,2,10,17.152145,19.347189
3863,1,0,gamma,3,10.395906,16.05652,20
3863,1,0,gamma,4,10.777681,15,20.629511
3863,1,0,gamma,5,11.123661,14.042538,21.2
3863,1,0,gamma,6,16.197952,0,29.56703
3863,1,0,gamma,7,28.589786,-34.293024,50
3863,1,0,gamma,8,196.91697,-500.11982,327.55571
3864,1,0,gamma,0,5.8018095,12.015048,14.314596
3864,1,0,gamma,1,3.1376421,15,14.812055
3864,1,0,gamma,2,0,18.515437,15.397923
3864,1,0,gamma,3,-10,29.719508,17.265145
3864,1,0,gamma,4,-28.101003,50,20.645006
3864,1,0,gamma,5,-429.84766,500.11982,95.660054
3865,1,0,gamma,0,0.052680902,20.736689,9.287166
3865,1,0,gamma,1,7.491412,22.18484,12.8
3865,1,0,gamma,2,10,22.673205,13.984645
3865,1,0,gamma,3,22.738037,25.153011,20
3865,1,0,gamma,4,25.279142,25.647706,21.2
3865,1,0,gamma,5,30,26.566749,23.429358
3865,1,0,gamma,6,43.066871,29.110571,29.6
3865,1,0,gamma,7,43.913906,29.27547,30
3865,1,0,gamma,8,47.635606,30,31.75752
3865,1,0,gamma,9,50,30.460294,32.874071
3865,1,0,gamma,10,60.854601,32.573437,38
3865,1,0,gamma,11,70,34.353838,42.318784
3865,1,0,gamma,12,78.64233,36.036302,46.4
3865,1,0,gamma,13,90,38.247382,51.763497
3865,1,0,gamma,14,96.43006,39.499168,54.8
3865,1,0,gamma,15,110,42.140926,61.20821
3865,1,0,gamma,16,114.21779,42.962034,63.2
3865,1,0,gamma,17,124.68623,45,68.14357
3865,1,0,gamma,18,130,46.03447,70.652923
3865,1,0,gamma,19,132.00552,46.424899,71.6
3865,1,0,gamma,20,149.79325,49.887765,80
3865,1,0,gamma,21,500.11982,118.08836,245.43669
3866,1,0,gamma,0,17.539188,24.717679,14.572106
3866,1,0,gamma,1,15.979931,23.762852,12.8
3866,1,0,gamma,2,10,20.100978,6.0037654
3866,1,0,gamma,3,8.5888646,19.236854,4.4
3866,1,0,gamma,4,4.7173534,16.866093,0
3866,1,0,gamma,5,1.6699786,15,-3.4633632
3866,1,0,gamma,6,1.1977978,14.710855,-4
3866,1,0,gamma,7,-39.277092,-10.074376,-50
3866,1,0,gamma,8,-435.33252,-252.60315,-500.11982
3867,1,0,gamma,0,18.95037,23.739253,12.430814
3867,1,0,gamma,1,17.953478,23.46816,12.8
3867,1,0,gamma,2,10,21.305308,15.745465
3867,1,0,gamma,3,0,18.585928,19.448833
3867,1,0,gamma,4,-4.7285808,17.300048,21.2
3867,1,0,gamma,5,-10,15.866549,23.1522
3867,1,0,gamma,6,-50,4.9890306,37.96567
3867,1,0,gamma,7,-500.11982,-117.41563,204.66158
3868,1,0,gamma,0,11.602375,25.24928,18.359274
3868,1,0,gamma,1,10,23.962553,17.017426
3868,1,0,gamma,2,4.963737,19.91837,12.8
3868,1,0,gamma,3,4.6812873,19.691559,12.563473
3868,3,1,e+,0,4.6812873,19.691559,12.563473
3868,3,1,e+,1,1.9760079,18.441793,9.9514682
3868,3,1,e+,2,2.220446e-16,17.568753,7.7599403
3868,3,1,e+,3,-5.1949544,15.033433,4.4
3868,3,1,e+,4,-5.2632978,15,4.3547601
3868,3,1,e+,5,-10,12.683509,1.2260557
3868,3,1,e+,6,-33.481966,1.1825204,-14.533236
3868,3,1,e+,7,-50,-7.2318541,-26.767477
3868,3,1,e+,8,-113.24868,-37.426452,-70.86493
3868,3,1,e+,9,-247.15143,-102.53624,-162.59572
3868,3,1,e+,10,-296.32629,-126.47593,-198.52537
3868,3,1,e+,11,-333.70818,-145.96903,-229.17396
3868,3,1,e+,12,-391.20783,-176.4871,-274.47981
3868,3,1,e+,13,-392.86779,-177.39302,-275.76916
3868,3,1,e+,14,-429.60509,-196.66254,-303.35386
3868,3,1,e+,15,-462.84595,-212.31654,-328.06621
3868,3,1,e+,16,-500.11982,-227.72985,-354.33484
3868,13,3,e-,0,-462.84595,-212.31654,-328.06621
3868,13,3,e-,1,-462.79474,-212.4452,-328.07615
3868,12,3,e-,0,-429.60509,-196.66254,-303.35386
3868,12,3,e-,1,-429.58271,-196.67998,-303.37558
3868,11,3,e-,0,-392.86779,-177.39302,-275.76916
3868,11,3,e-,1,-392.89146,-177.35406,-275.76914
3868,10,3,e-,0,-391.20783,-176.4871,-274.47981
3868,10,3,e-,1,-391.19009,-176.50592,-274.49119
3868,9,3,e-,0,-333.70818,-145.96903,-229.17396
3868,9,3,e-,1,-333.76049,-145.90495,-229.1604
3868,8,3,e-,0,-296.32629,-126.47593,-198.52537
3868,8,3,e-,1,-296.27971,-126.5166,-198.56333
3868,7,3,e-,0,-247.15143,-102.53624,-162.59572
3868,7,3,e-,1,-247.13316,-102.58253,-162.59453
3868,6,3,e-,0,-113.24868,-37.426452,-70.86493
3868,6,3,e-,1,-113.26994,-37.45111,-70.817411
3868,5,3,e-,0,-33.481966,1.1825204,-14.533236
3868,5,3,e-,1,-33.458492,1.1588607,-14.551003
3868,4,3,gamma,0,1.9760079,18.441793,9.9514682
3868,4,3,gamma,1,1.9738179,18.440585,9.9491398
3868,14,4,e-,0,1.9738179,18.440585,9.9491398
3868,14,4,e-,1,1.9737964,18.440585,9.9491509
3868,14,4,e-,2,1.9736514,18.440591,9.9492315
3868,2,1,e-,0,4.6812873,19.691559,12.563473
3868,2,1,e-,1,4.6305236,19.548045,12.464443
3868,2,1,e-,2,4.5859605,19.399806,12.331037
3868,2,1,e-,3,4.6635577,19.250306,12.063329
3868,2,1,e-,4,4.8283322,19.383417,11.665773
3868,2,1,e-,5,4.9822389,19.607007,11.625629
3868,2,1,e-,6,5.2883417,20.12245,11.581953
3868,2,1,e-,7,5.2457676,20.201626,11.563693
3868,15,2,gamma,0,4.9822389,19.607007,11.625629
3868,15,2,gamma,1,4.9803138,19.61666,11.608071
3868,16,15,e-,0,4.9803138,19.61666,11.608071
3868,16,15,e-,1,4.9803142,19.61667,11.60809
3868,16,15,e-,2,4.9802336,19.616779,11.60807
3869,1,0,gamma,0,1.1887312,17.188718,6.1976016
3869,1,0,gamma,1,1.4986017,30,11.742715
3869,1,0,gamma,2,1.5576847,32.442723,12.8
3869,1,0,gamma,3,1.8614115,45,18.235172
3869,1,0,gamma,4,1.9600331,49.077412,20
3869,1,0,gamma,5,1.9823481,50,20.399324
3869,1,0,gamma,6,2.0270912,51.84986,21.2
3869,1,0,gamma,7,2.2242212,60,24.727629
3869,1,0,gamma,8,2.4964978,71.256996,29.6
3869,1,0,gamma,9,2.587031,75,31.220086
3869,1,0,gamma,10,2.9498407,90,37.712543
3869,1,0,gamma,11,2.9659043,90.664132,38
3869,1,0,gamma,12,3.3126505,105,44.205
3869,1,0,gamma,13,3.4353108,110.07127,46.4
3869,1,0,gamma,14,3.6754602,120,50.697458
3869,1,0,gamma,15,3.9047174,129.4784,54.8
3869,1,0,gamma,16,4.03827,135,57.189915
3869,1,0,gamma,17,4.3741239,148.88554,63.2
3869,1,0,gamma,18,4.4010797,150,63.682372
3869,1,0,gamma,19,12.869538,500.11982,215.2249
3870,1,0,gamma,0,11.938814,15.684883,18.810265
3870,1,0,gamma,1,11.006674,15,18.159259
3870,1,0,gamma,2,10,14.260354,17.4562
3870,1,0,gamma,3,3.33303,9.3618494,12.8
3870,1,0,gamma,4,0,6.9129313,10.472218
3870,1,0,gamma,5,-8.6944914,0.52472069,4.4
3870,1,0,gamma,6,-9.4086475,2.6645353e-15,3.9012346
3870,1,0,gamma,7,-50,-29.824184,-24.447695
3870,1,0,gamma,8,-500.11982,-360.54625,-338.81059
3871,1,0,gamma,0,3.676241,18.509093,17.601794
3871,1,0,gamma,1,2.5718817,23.230563,12.8
3871,1,0,gamma,2,0.98849979,30,5.9153992
3871,1,0,gamma,3,0.63997478,31.49005,4.4
3871,1,0,gamma,4,0,34.226136,1.6173669
3871,1,0,gamma,5,-1.2919321,39.749537,-4
3871,1,0,gamma,6,-3.6895314,50,-14.424847
3871,1,0,gamma,7,-108.97326,500.11982,-472.20225
3872,1,0,gamma,0,1.4980447,22.957121,14.355708
3872,1,0,gamma,1,1.6546324,20.105695,12.8
3872,1,0,gamma,2,1.9350145,15,10.014386
3872,1,0,gamma,3,2.5001227,4.7095066,4.4
3872,1,0,gamma,4,2.7587479,1.7763568e-15,1.8305423
3872,1,0,gamma,5,5.5045261,-50,-25.448937
3872,1,0,gamma,6,30.223109,-500.11982,-271.02962
3873,1,0,gamma,0,14.188947,14.660482,17.34454
3873,1,0,gamma,1,13.923292,15,17.451098
3873,1,0,gamma,2,11.250937,18.415377,18.523018
3873,1,0,gamma,3,10,17.823389,18.146933
3873,1,0,gamma,4,4.0338591,15,16.353258
3873,1,0,gamma,5,0,13.091035,15.140509
3873,1,0,gamma,6,-7.7850259,9.4068856,12.8
3873,1,0,gamma,7,-10,8.3586815,12.134085
3873,1,0,gamma,8,-50,-10.570733,0.10838853
3873,1,0,gamma,9,-143.66726,-54.897394,-28.051962
3873,1,0,gamma,10,-500.11982,-10.010803,43.769784
3873,3,1,e-,0,-143.66726,-54.897394,-28.051962
3873,3,1,e-,1,-144.90873,-58.258563,-30.795633
3873,3,1,e-,2,-144.80147,-65.937554,-41.929421
3873,3,1,e-,3,-144.59957,-65.118887,-45.092419
3873,3,1,e-,4,-146.335,-60.356758,-49.934148
3873,3,1,e-,5,-147.0315,-59.711739,-50.285671
3873,3,1,e-,6,-150.36604,-59.552819,-51.257496
3873,3,1,e-,7,-149.59348,-62.234603,-52.476191
3873,3,1,e-,8,-149.58668,-62.277109,-52.497251
3873,3,1,e-,9,-149.13531,-63.79871,-54.052767
3873,3,1,e-,10,-148.97405,-64.596639,-55.314839
3873,3,1,e-,11,-148.17256,-64.460546,-54.852725
3873,3,1,e-,12,-148.51096,-64.664965,-55.153727
3873,8,3,e-,0,-149.58668,-62.277109,-52.497251
3873,8,3,e-,1,-149.58953,-62.336973,-52.440246
3873,7,3,e-,0,-147.0315,-59.711739,-50.285671
3873,7,3,e-,1,-146.99338,-59.376208,-50.377759
3873,7,3,e-,2,-147.14018,-59.030335,-50.42965
3873,9,7,e-,0,-146.99338,-59.376208,-50.377759
3873,9,7,e-,1,-146.97355,-59.367997,-50.379494
3873,6,3,e-,0,-144.59957,-65.118887,-45.092419
3873,6,3,e-,1,-143.30232,-66.340258,-46.89219
3873,6,3,e-,2,-140.95611,-68.072603,-51.440136
3873,6,3,e-,3,-138.26159,-68.560462,-54.284605
3873,6,3,e-,4,-138.14576,-68.659594,-54.358656
3873,6,3,e-,5,-136.70987,-69.62974,-54.035009
3873,6,3,e-,6,-137.07445,-70.065612,-53.023417
3873,6,3,e-,7,-137.21811,-69.9702,-52.732523
3873,6,3,e-,8,-137.16292,-70.077399,-52.533825
3873,12,6,e-,0,-137.21811,-69.9702,-52.732523
3873,12,6,e-,1,-137.19763,-69.916633,-52.709113
3873,11,6,e-,0,-138.14576,-68.659594,-54.358656
3873,11,6,e-,1,-138.11478,-68.826736,-54.95883
3873,11,6,e-,2,-137.77105,-68.780251,-55.111287
3873,13,11,e-,0,-138.11478,-68.826736,-54.95883
3873,13,11,e-,1,-138.13746,-68.841281,-55.014897
3873,10,6,e-,0,-143.30232,-66.340258,-46.89219
3873,10,6,e-,1,-143.26535,-66.337631,-46.874452
3873,5,3,e-,0,-144.80147,-65.937554,-41.929421
3873,5,3,e-,1,-144.83622,-65.948962,-41.934972
3873,4,3,e-,0,-144.90873,-58.258563,-30.795633
3873,4,3,e-,1,-144.93835,-58.256924,-30.794711
3873,2,1,e-,0,11.250937,18.415377,18.523018
3873,2,1,e-,1,11.186943,18.942833,18.715097
3873,2,1,e-,2,11.09226,19.532342,18.674704
3873,2,1,e-,3,10.704847,19.969187,18.640685
3873,2,1,e-,4,10.389306,20.105427,18.636551
3873,2,1,e-,5,10.169647,20.126041,18.613192
3873,2,1,e-,6,10,20.176641,18.59532
3873,2,1,e-,7,9.9762249,20.204042,18.597038
3873,2,1,e-,8,9.9364759,20.231427,18.595373
3873,2,1,e-,9,9.9059841,20.253722,18.598323
3873,2,1,e-,10,9.8481405,20.263827,18.617981
3873,2,1,e-,11,9.7784772,20.259777,18.651888
3873,2,1,e-,12,9.6791746,20.232441,18.638391
3873,2,1,e-,13,9.5205009,20.215912,18.666296
3873,2,1,e-,14,9.2926613,20.19421,18.642348
3874,1,0,gamma,0,4.4820585,28.328788,9.5715039
3874,1,0,gamma,1,10,27.636726,7.821291
3874,1,0,gamma,2,20.786393,26.283892,4.4
3874,1,0,gamma,3,30,25.128318,1.4775742
3874,1,0,gamma,4,34.658386,24.544061,0
3874,1,0,gamma,5,47.26929,22.962396,-4
3874,1,0,gamma,6,50,22.619909,-4.8661426
3874,1,0,gamma,7,500.11982,-33.834302,-147.63777
3875,1,0,gamma,0,14.633425,13.003717,4.5609381
3875,1,0,gamma,1,11.264843,15,7.339285
3875,1,0,gamma,2,10,15.749569,8.3825055
3875,1,0,gamma,3,4.6440486,18.923604,12.8
3875,1,0,gamma,4,8.8817842e-16,21.675752,16.63033
3875,1,0,gamma,5,-5.5404558,24.959128,21.2
3875,1,0,gamma,6,-10,27.601936,24.878154
3875,1,0,gamma,7,-40.458757,45.652352,50
3875,1,0,gamma,8,-500.11982,318.05591,429.12035
3876,1,0,gamma,0,14.741065,18.148095,18.607715
3876,1,0,gamma,1,10.851848,15,15.282338
3876,1,0,gamma,2,10,14.310478,14.553987
3876,1,0,gamma,3,7.9486127,12.649999,12.8
3876,1,0,gamma,4,0,6.2160573,6.0037393
3876,1,0,gamma,5,-1.8756642,4.6978158,4.4
3876,1,0,gamma,6,-7.6794343,0,-0.56236716
3876,1,0,gamma,7,-50,-34.256047,-36.747499
3876,1,0,gamma,8,-500.11982,-398.60197,-421.61109
3877,1,0,gamma,0,9.9838644,15.125667,18.731587
3877,1,0,gamma,1,9.2027943,20.955149,12.8
3877,1,0,gamma,2,8.0966841,29.210555,4.4
3877,1,0,gamma,3,7.9909094,30,3.5967277
3877,1,0,gamma,4,7.517293,33.534815,0
3877,1,0,gamma,5,6.9905739,37.46596,-4
3877,1,0,gamma,6,5.3111858,50,-16.753575
3877,1,0,gamma,7,-54.998647,500.11982,-474.7573
3878,1,0,gamma,0,0.063870457,19.496695,11.009957
3878,1,0,gamma,1,2.7704898,18.325659,4.4
3878,1,0,gamma,2,4.5721846,17.546145,0
3878,1,0,gamma,3,6.2100889,16.837495,-4
3878,1,0,gamma,4,25.045989,8.6880275,-50
3878,1,0,gamma,5,209.35929,-71.056255,-500.11982
3879,1,0,gamma,0,3.2394975,15.797856,16.0529
3879,1,0,gamma,1,9.0735076,30,13.415892
3879,1,0,gamma,2,10,32.255426,12.997112
3879,1,0,gamma,3,10.436082,33.317013,12.8
3879,1,0,gamma,4,15.235264,45,10.630741
3879,1,0,gamma,5,17.289183,50,9.7023574
3879,1,0,gamma,6,21.397021,60,7.8455901
3879,1,0,gamma,7,25.743992,70.582141,5.8807327
3879,1,0,gamma,8,27.558777,75,5.0604392
3879,1,0,gamma,9,28.805703,78.03548,4.4968212
3879,1,0,gamma,10,29.019906,78.55693,4.4
3879,1,0,gamma,11,30,80.942842,3.9569918
3879,1,0,gamma,12,33.720534,90,2.2752883
3879,1,0,gamma,13,38.75429,102.25403,0
3879,1,0,gamma,14,39.88229,105,-0.50986269
3879,1,0,gamma,15,46.044047,120,-3.2950136
3879,1,0,gamma,16,47.60373,123.79685,-4
3879,1,0,gamma,17,202.1911,500.11982,-73.874418
3880,1,0,gamma,0,9.8261453,10.017309,9.4381727
3880,1,0,gamma,1,6.1487517,15,12.445248
3880,1,0,gamma,2,5.7149211,15.58782,12.8
3880,1,0,gamma,3,-8.8817842e-16,23.331263,17.473201
3880,1,0,gamma,4,-4.5575528,29.506527,21.2
3880,1,0,gamma,5,-4.9217523,30,21.497813
3880,1,0,gamma,6,-10,36.880781,25.650394
3880,1,0,gamma,7,-19.682424,50,33.567899
3880,1,0,gamma,8,-351.88597,500.11982,305.21715
3881,1,0,gamma,0,4.5790112,27.825478,6.9381736
3881,1,0,gamma,1,4.4799047,21.330661,12.8
3881,1,0,gamma,2,4.3833031,15,18.513669
3881,1,0,gamma,3,4.3581735,13.353167,20
3881,1,0,gamma,4,4.337885,12.023585,21.2
3881,1,0,gamma,5,4.1958654,2.7165096,29.6
3881,1,0,gamma,6,4.1544133,5.3290705e-15,32.051756
3881,1,0,gamma,7,3.8509605,-19.886388,50
3881,1,0,gamma,8,-3.4770752,-500.11982,483.42947
3882,1,0,gamma,0,3.0097857,17.553563,3.2804876
3882,1,0,gamma,1,3.2489066,17.799497,4.4
3882,1,0,gamma,2,5.0430945,19.644812,12.8
3882,1,0,gamma,3,6.5809699,21.226509,20
3882,1,0,gamma,4,6.8372824,21.490126,21.2
3882,1,0,gamma,5,8.6314704,23.33544,29.6
3882,1,0,gamma,6,10,24.742967,36.00716
3882,1,0,gamma,7,10.249912,25,37.177194
3882,1,0,gamma,8,10.425658,25.180754,38
3882,1,0,gamma,9,12.219846,27.026068,46.4
3882,1,0,gamma,10,12.988784,27.816917,50
3882,1,0,gamma,11,14.014034,28.871383,54.8
3882,1,0,gamma,12,15,29.885444,59.416079
3882,1,0,gamma,13,15.111382,30,59.937545
3882,1,0,gamma,14,15.808222,30.716697,63.2
3882,1,0,gamma,15,17.60241,32.562011,71.6
3882,1,0,gamma,16,19.396598,34.407325,80
3882,1,0,gamma,17,109.13159,126.69936,500.11982
3883,1,0,gamma,0,16.764647,19.216748,17.322982
3883,1,0,gamma,1,10.937382,17.001541,12.8
3883,1,0,gamma,2,10,16.6452,12.072427
3883,1,0,gamma,3,5.6721809,15,8.7132782
3883,1,0,gamma,4,0.11509137,12.887499,4.4
3883,1,0,gamma,5,1.3877788e-17,12.843747,4.3106689
3883,1,0,gamma,6,-10,9.042295,-3.4510888
3883,1,0,gamma,7,-50,-6.1635146,-34.498119
3883,1,0,gamma,8,-500.11982,-177.27442,-383.87021
3884,1,0,gamma,0,17.915457,14.944636,13.433488
3884,1,0,gamma,1,17.811035,15,13.389932
3884,1,0,gamma,2,16.396731,15.749854,12.8
3884,1,0,gamma,3,10,19.141354,10.131806
3884,1,0,gamma,4,1.5384718,23.627595,6.6023467
3884,3,1,e+,0,1.5384718,23.627595,6.6023467
3884,3,1,e+,1,1.1797444,23.72493,6.5950856
3884,3,1,e+,2,0.71384659,24.083813,6.5174053
3884,3,1,e+,3,0.47405312,24.318144,6.2816683
3884,3,1,e+,4,0.20938652,24.396628,6.1223618
3884,3,1,e+,5,2.7755576e-17,24.451048,5.9871092
3884,3,1,e+,6,-0.81692157,24.958761,4.4
3884,3,1,e+,7,-5.1156695,27.832349,-4
3884,3,1,e+,8,-29.131377,43.811455,-50
3884,3,1,e+,9,-44.530274,58.198683,-96.019512
3884,3,1,e+,10,-64.316391,83.878984,-157.17091
3884,3,1,e+,11,-64.868454,84.800342,-158.58905
3884,3,1,e+,12,-74.117935,95.124362,-177.92375
3884,3,1,e+,13,-104.75327,131.95506,-259.168
3884,3,1,e+,14,-147.09497,208.49036,-406.51705
3884,3,1,e+,15,-148.01959,211.29774,-411.25434
3884,3,1,e+,16,-167.90895,260.98851,-500.11982
3884,10,3,e-,0,-148.01959,211.29774,-411.25434
3884,10,3,e-,1,-148.00588,211.32871,-411.24124
3884,9,3,e-,0,-147.09497,208.49036,-406.51705
3884,9,3,e-,1,-147.13752,208.47549,-406.51805
3884,8,3,e-,0,-104.75327,131.95506,-259.168
3884,8,3,e-,1,-104.74628,131.97501,-259.16303
3884,7,3,e-,0,-74.117935,95.124362,-177.92375
3884,7,3,e-,1,-74.144944,95.152049,-177.89829
3884,6,3,e-,0,-64.868454,84.800342,-158.58905
3884,6,3,e-,1,-63.376122,86.690784,-158.46957
3884,6,3,e-,2,-63.664839,88.388067,-157.80299
3884,6,3,e-,3,-63.846698,89.469745,-158.50332
3884,6,3,e-,4,-64.226762,89.512193,-158.61068
3884,5,3,e-,0,-64.316391,83.878984,-157.17091
3884,5,3,e-,1,-64.328226,83.859502,-157.18004
3884,4,3,e-,0,-44.530274,58.198683,-96.019512
3884,4,3,e-,1,-44.982305,57.949185,-96.010054
3884,2,1,e-,0,1.5384718,23.627595,6.6023467
3884,2,1,e-,1,0,24.5285,5.8627321
3884,2,1,e-,2,-3.3657394,27.130874,4.4
3884,2,1,e-,3,-7.1459668,30,2.7380768
3884,2,1,e-,4,-10,32.151342,1.4802824
3884,2,1,e-,5,-12.149663,33.781451,0.51584456
3884,2,1,e-,6,-34.343988,50,-9.3820279
3884,2,1,e-,7,-80.789982,84.452647,-32.84252
3884,2,1,e-,8,-141.71765,131.53279,-63.309497
3884,2,1,e-,9,-230.87804,198.06927,-110.11975
3884,2,1,e-,10,-249.9381,212.22956,-119.92605
3884,2,1,e-,11,-304.52524,252.90258,-149.94427
3884,2,1,e-,12,-307.71216,255.45455,-151.67206
3884,2,1,e-,13,-308.01191,255.69322,-151.83134
3884,2,1,e-,14,-330.39125,272.82622,-163.61565
3884,2,1,e-,15,-500.11982,407.19641,-252.68784
3884,19,2,e-,0,-330.39125,272.82622,-163.61565
3884,19,2,e-,1,-330.4748,272.71558,-163.64232
3884,18,2,e-,0,-308.01191,255.69322,-151.83134
3884,18,2,e-,1,-307.99306,255.71381,-151.83879
3884,17,2,e-,0,-307.71216,255.45455,-151.67206
3884,17,2,e-,1,-307.22431,255.93776,-152.0359
3884,16,2,e-,0,-304.52524,252.90258,-149.94427
3884,16,2,e-,1,-304.50484,252.90263,-149.98568
3884,15,2,e-,0,-249.9381,212.22956,-119.92605
3884,15,2,e-,1,-249.94444,212.23678,-119.90535
3884,14,2,e-,0,-230.87804,198.06927,-110.11975
3884,14,2,e-,1,-230.86879,198.06238,-110.14987
3884,13,2,e-,0,-141.71765,131.53279,-63.309497
3884,13,2,e-,1,-141.74619,131.4926,-63.319366
3884,12,2,e-,0,-80.789982,84.452647,-32.84252
3884,12,2,e-,1,-80.77632,84.456713,-32.864953
3884,11,2,e-,0,-12.149663,33.781451,0.51584456
3884,11,2,e-,1,-11.133709,34.422005,1.0926397
3884,11,2,e-,2,-10.709314,34.162575,1.5347017
3884,11,2,e-,3,-10.720551,34.016706,1.8805018
3884,11,2,e-,4,-10.838017,33.899314,2.0151734
3885,1,0,gamma,0,19.159344,21.752956,6.3897987
3885,1,0,gamma,1,18.846388,21.293634,6.4809429
3885,1,0,gamma,2,14.584131,15,8.0068178
3885,1,0,gamma,3,10,8.2310884,9.6479225
3885,1,0,gamma,4,4.4256343,0,11.643528
3885,1,0,gamma,5,-29.436022,-50,23.765896
3885,1,0,gamma,6,-334.27207,-500.11982,132.89625
3885,2,1,e-,0,18.846388,21.293634,6.4809429
3885,2,1,e-,1,18.807973,21.249387,6.4011704
3886,1,0,gamma,0,6.2219572,10.914248,8.2180069
3886,1,0,gamma,1,5.6341373,15,8.452528
3886,1,0,gamma,2,3.4760771,30,9.3135244
3886,1,0,gamma,3,1.318017,45,10.174521
3886,1,0,gamma,4,0.59866358,50,10.461519
3886,1,0,gamma,5,0,54.161123,10.700367
3886,1,0,gamma,6,-0.8400432,60,11.035517
3886,1,0,gamma,7,-2.9981034,75,11.896513
3886,1,0,gamma,8,-5.1561635,90,12.75751
3886,1,0,gamma,9,-5.2626642,90.740252,12.8
3886,1,0,gamma,10,-7.3142237,105,13.618506
3886,1,0,gamma,11,-9.4722839,120,14.479502
3886,1,0,gamma,12,-10,123.66799,14.690044
3886,1,0,gamma,13,-64.160379,500.11982,36.298287
3887,1,0,gamma,0,19.984156,20.551109,9.8863923
3887,1,0,gamma,1,12.65678,21.788186,12.8
3887,1,0,gamma,2,10,22.236729,13.856424
3887,1,0,gamma,3,0,23.925023,17.832756
3887,1,0,gamma,4,-8.4682182,25.354708,21.2
3887,1,0,gamma,5,-10,25.613318,21.809087
3887,1,0,gamma,6,-50,32.366497,37.714414
3887,1,0,gamma,7,-500.11982,108.35999,216.69698
3888,1,0,gamma,0,11.009993,10.151455,8.5907208
3888,1,0,gamma,1,10,11.740927,6.1844887
3888,1,0,gamma,2,9.2509778,12.919698,4.4
3888,1,0,gamma,3,8.3904629,14.273929,2.3498882
3888,1,0,gamma,4,9.1119909,15,3.3140921
3888,1,0,gamma,5,9.9245917,15.817717,4.4
3888,1,0,gamma,6,10,15.8936,4.5007708
3888,1,0,gamma,7,16.210435,22.143135,12.8
3888,1,0,gamma,8,18.431078,24.377759,15.767525
3888,1,0,gamma,9,26.132143,30,14.73783
3888,1,0,gamma,10,30,32.823768,14.220665
3888,1,0,gamma,11,40.177722,40.254119,12.85982
3888,1,0,gamma,12,40.321855,40.37763,12.8
3888,1,0,gamma,13,45.716005,45,10.561243
3888,1,0,gamma,14,50,48.671054,8.7832385
3888,1,0,gamma,15,60.39937,57.582513,4.4671437
3888,1,0,gamma,16,60.827816,60,7.8239713
3888,1,0,gamma,17,61.462928,63.583587,12.8
3888,1,0,gamma,18,61.944229,66.299305,16.57094
3888,1,0,gamma,19,60.59927,75,14.705764
3888,1,0,gamma,20,59.225045,83.890025,12.8
3888,1,0,gamma,21,58.280561,90,11.490198
3888,1,0,gamma,22,55.961852,105,8.2746333
3888,1,0,gamma,23,53.643142,120,5.0590682
3888,1,0,gamma,24,53.167895,123.07443,4.4
3888,1,0,gamma,25,51.324433,135,1.8435031
3888,1,0,gamma,26,50.58061,139.81188,0.81197526
3888,1,0,gamma,27,69.905508,135,1.7278364
3888,1,0,gamma,28,70,134.97647,1.7323146
3888,1,0,gamma,29,90,129.99649,2.6801707
3888,1,0,gamma,30,105.42794,126.15495,3.4113439
3888,1,0,gamma,31,110,131.26355,1.3325893
3888,1,0,gamma,32,112.93093,134.53843,0
3888,1,0,gamma,33,113.34402,135,-0.18781895
3888,1,0,gamma,34,121.72862,144.36855,-4
3888,1,0,gamma,35,440.11641,500.11982,-148.75968
